-- MySQL dump 10.13  Distrib 5.7.17, for Win64 (x86_64)
--
-- Host: localhost    Database: sparrowadmin
-- ------------------------------------------------------
-- Server version	5.7.14

/*!40101 SET @OLD_CHARACTER_SET_CLIENT=@@CHARACTER_SET_CLIENT */;
/*!40101 SET @OLD_CHARACTER_SET_RESULTS=@@CHARACTER_SET_RESULTS */;
/*!40101 SET @OLD_COLLATION_CONNECTION=@@COLLATION_CONNECTION */;
/*!40101 SET NAMES utf8 */;
/*!40103 SET @OLD_TIME_ZONE=@@TIME_ZONE */;
/*!40103 SET TIME_ZONE='+00:00' */;
/*!40014 SET @OLD_UNIQUE_CHECKS=@@UNIQUE_CHECKS, UNIQUE_CHECKS=0 */;
/*!40014 SET @OLD_FOREIGN_KEY_CHECKS=@@FOREIGN_KEY_CHECKS, FOREIGN_KEY_CHECKS=0 */;
/*!40101 SET @OLD_SQL_MODE=@@SQL_MODE, SQL_MODE='NO_AUTO_VALUE_ON_ZERO' */;
/*!40111 SET @OLD_SQL_NOTES=@@SQL_NOTES, SQL_NOTES=0 */;


-- -----------------------------------------------------
-- Schema sparrowadmin
-- -----------------------------------------------------
DROP SCHEMA IF EXISTS `sparrowadmin`;
CREATE SCHEMA IF NOT EXISTS `sparrowadmin` DEFAULT CHARACTER SET UTF8;
USE `sparrowadmin`;

--
-- Table structure for table `sys_log`
--

DROP TABLE IF EXISTS `sys_log`;
/*!40101 SET @saved_cs_client     = @@character_set_client */;
/*!40101 SET character_set_client = utf8 */;
CREATE TABLE `sys_log` (
  `id` varchar(50) NOT NULL COMMENT '主键',
  `user_name` varchar(50) NOT NULL COMMENT '用户',
  `title` varchar(300) DEFAULT NULL COMMENT '日志',
  `url` varchar(300) DEFAULT NULL COMMENT '地址',
  `params` varchar(1000) DEFAULT NULL COMMENT '参数',
  `gmt_create` datetime DEFAULT NULL COMMENT '创建时间',
  PRIMARY KEY (`id`)
) ENGINE=InnoDB DEFAULT CHARSET=utf8 COMMENT='日志表';
/*!40101 SET character_set_client = @saved_cs_client */;

--
-- Dumping data for table `sys_log`
--

LOCK TABLES `sys_log` WRITE;
/*!40000 ALTER TABLE `sys_log` DISABLE KEYS */;
INSERT INTO `sys_log` VALUES ('006c9fb262271a4800c72c4b148e4aa7','admin','edit','/system/role/edit/a67af9f88e424225585b37a193b561d5','{}','2019-09-18 22:57:55'),('00beaea0696f323ef8406e314eaae895','admin','用户登录成功','/login/doLogin','','2019-09-10 22:32:25'),('00d5377fb8792bea88e70fbf1c488ad9','admin','list','/system/role/list/1','{\"p\":[\"5d283766dbe1b250926904ea6339900d\"],\"t\":[\"1101aca29a9dbe0a9e6eb03fe72abb0d\"]}','2019-09-18 23:07:51'),('01755d56a9580616e6329499ff415ed8','admin','getCount','/system/role/getCount','{\"roleId\":[\"a67af9f88e424225585b37a193b561d5\"]}','2019-09-18 22:57:43'),('0263ee2be3754260e46cf06c187339c4','admin','用户登录成功','/login/doLogin','','2019-09-11 19:38:50'),('02f774708957346588e317f623e49f26','admin','list','/system/role/list/1','{\"p\":[\"5d283766dbe1b250926904ea6339900d\"],\"t\":[\"1101aca29a9dbe0a9e6eb03fe72abb0d\"]}','2019-09-11 22:44:01'),('030e550ff19d96c6ad8fe167548eadc7','admin','auth','/system/role/auth/a67af9f88e424225585b37a193b561d5','{}','2019-09-11 22:44:30'),('05617ca53b6b62ffc975cdf8df731d9e','admin','getCount','/system/role/getCount','{\"roleId\":[\"a67af9f88e424225585b37a193b561d5\"]}','2019-09-12 10:02:56'),('0673d1bf813061165e7e53dbd7fcd43f','admin','用户登录成功','/login/doLogin','','2019-09-08 00:23:54'),('075d2fa86a1e76bec87c6e787f52d284','admin','用户登录成功','/login/doLogin','','2019-09-08 00:30:22'),('07672c23cb8f694c466008fa3e8ced09','admin','params','/system/log/params/9f23fb57b61973a5829d96d8105a5222','{}','2019-09-11 22:12:10'),('079a0ee20afc0f39385494d15c7c8aeb','admin','doEdit','/system/user/doEdit','{\"id\":[\"0cf40d0083a91221fcf38b72bf23d2e2\"],\"userName\":[\"test\"],\"password\":[\"\"],\"confpwd\":[\"\"],\"userDesc\":[\"test user 111\"],\"userStatus\":[\"1\"],\"roleId[]\":[\"a67af9f88e424225585b37a193b561d5\"]}','2019-09-18 22:57:17'),('0aa4ec315228ca01375138351dc7c3b0','admin','list','/system/menu/list/1','{\"p\":[\"5d283766dbe1b250926904ea6339900d\"],\"t\":[\"47d8f55290f7de0582228aaf38089243\"]}','2019-09-11 22:19:23'),('0b38cb7a6fc4e01b3cb75ed8df8bb579','admin','list','/system/role/list/1','{\"p\":[\"5d283766dbe1b250926904ea6339900d\"],\"t\":[\"1101aca29a9dbe0a9e6eb03fe72abb0d\"]}','2019-09-18 23:09:37'),('0d5f6f23f85da859ecd437f4ef8e1007','admin','doAuth','/system/role/doAuth','{\"roleId\":[\"a67af9f88e424225585b37a193b561d5\"],\"mid[]\":[\"5d283766dbe1b250926904ea6339900d\",\"8bb1552c916f4ca7145d905b5eadf9b1\",\"7174826bfcb81a907b4c6c7baf85fafa\",\"2fdc10b0c62f1602e08acacbc7aa78ca\",\"89ee44bb6c3390ce278e9cb032404e6a\",\"900c34599d28933db44de2fcc4a2db17\",\"1101aca29a9dbe0a9e6eb03fe72abb0d\",\"623704459748f4ca30690968074a3619\",\"f0c42cfe187698b3d0bb75c75780d0ed\",\"8ad25d30078368b12f69fdaefac1456d\",\"452154c770b1d29d1d7289db1f200c21\",\"a9caf91bd3ad7249787e5bfc13454f7b\",\"32c7724ad38e746fb52a6b882137e9cb\",\"47d8f55290f7de0582228aaf38089243\",\"420d72eb74ade02390e9a2c131577031\",\"ca8e1246414013e2a7a9a3b89f17ff20\",\"8378178f752982e3f61641f19bde153d\",\"3ba2695bb7f934d2ff36ba450a9d6a3d\",\"a3fbf503038050a8f64ccdca21115b1a\",\"b4f04dfcbfb6746ab19b661bb8784b44\",\"e1d14917b7d5d7acb5aba5bd38b68d36\",\"62f9244a76a3181acdbeb4f23f97b485\",\"6d2b8caf3c59cf9101fe86bdd0f12806\",\"28521bb4e1e11d1784b4f212282e13f0\",\"8cdf6177816ab9c7522711c2f7cbfc0d\"]}','2019-09-12 10:18:56'),('0de9ff83f1353a8fd575a03f4ef98320','admin','getCount','/system/role/getCount','{\"roleId\":[\"a67af9f88e424225585b37a193b561d5\"]}','2019-09-11 22:44:27'),('0e6c1ac3a215b2f50a34c2740a344de7','admin','auth','/system/role/auth/a67af9f88e424225585b37a193b561d5','{}','2019-09-12 10:03:46'),('0f58bc714cdbdcf09d9215528d72ad7b','admin','getCount','/system/role/getCount','{\"roleId\":[\"a67af9f88e424225585b37a193b561d5\"]}','2019-09-18 23:11:07'),('0f7dc2b2871bf30f29add28ffff6f09f','admin','delete','/system/user/delete','{\"id\":[\"a8c3cfa5bc1894ceccfba76b80790681\"]}','2019-09-18 22:57:35'),('0fae095b049c79b3584eb0d5b2a89f04','admin','执行用户登录','/login/doLogin','{\"return_url\":[\"\"],\"userName\":[\"admin\"],\"password\":[\"123456\"]}','2019-09-11 22:43:56'),('0fb02951e8056971e052929d03b29296','admin','执行用户登录','/login/doLogin','{\"return_url\":[\"\"],\"userName\":[\"admin\"],\"password\":[\"123456\"]}','2019-09-12 10:18:40'),('0fcd329faa1d4f6882eed1282aa7c91a','admin','list','/system/role/list/1','{\"p\":[\"5d283766dbe1b250926904ea6339900d\"],\"t\":[\"1101aca29a9dbe0a9e6eb03fe72abb0d\"]}','2019-09-18 23:08:55'),('0ffafe64fb4b2690704a3fe873d656a5','admin','info','/system/me/info','{}','2019-09-16 23:43:43'),('103000f87756fbf28bdb6483d0849978','admin','auth','/system/role/auth/a67af9f88e424225585b37a193b561d5','{}','2019-09-11 22:50:23'),('10786b1f9af383dcc41a4755c7959355','admin','list','/system/role/list/1','{\"p\":[\"5d283766dbe1b250926904ea6339900d\"],\"t\":[\"1101aca29a9dbe0a9e6eb03fe72abb0d\"]}','2019-09-12 09:48:09'),('10c96ccbd02a5617cf4223ef961156ad','admin','params','/system/log/params/4f1fd171ca0b4f6c2deac2e54b2d7ba3','{}','2019-09-11 22:11:54'),('12263766aa05b931b8fd921cb82a29a4','admin','用户登录成功','/login/doLogin','','2019-09-05 21:15:16'),('12286a15340236ab05da013776dd15d3','admin','getCount','/system/role/getCount','{\"roleId\":[\"a67af9f88e424225585b37a193b561d5\"]}','2019-09-12 09:55:34'),('126ce4ff850cb7e9a4e4cb555128eb6d','admin','getCount','/system/role/getCount','{\"roleId\":[\"a67af9f88e424225585b37a193b561d5\"]}','2019-09-11 22:50:35'),('142d734392fe4a465759bb8fdf832f4d','admin','list','/system/user/list/1','{\"p\":[\"5d283766dbe1b250926904ea6339900d\"],\"t\":[\"8bb1552c916f4ca7145d905b5eadf9b1\"]}','2019-09-18 22:57:25'),('144797b45f0d043a667f33ad883036ab','admin','list','/system/menu/list/1','{\"p\":[\"5d283766dbe1b250926904ea6339900d\"],\"t\":[\"47d8f55290f7de0582228aaf38089243\"]}','2019-09-18 23:11:45'),('14ca38ffc6b197fab717d0de515748ce','admin','list','/system/role/list/1','{\"p\":[\"5d283766dbe1b250926904ea6339900d\"],\"t\":[\"1101aca29a9dbe0a9e6eb03fe72abb0d\"]}','2019-09-18 22:57:57'),('14d835a231aa7b7e09ba4524d52b507e','admin','list','/system/user/list/1','{\"p\":[\"5d283766dbe1b250926904ea6339900d\"],\"t\":[\"8bb1552c916f4ca7145d905b5eadf9b1\"]}','2019-09-11 21:51:33'),('162d0142b250111580b412cc2836f546','admin','list','/system/role/list/1','{\"p\":[\"5d283766dbe1b250926904ea6339900d\"],\"t\":[\"1101aca29a9dbe0a9e6eb03fe72abb0d\"]}','2019-09-18 22:57:52'),('16a53751300e8288d398f66a4c81a907','admin','auth','/system/role/auth/a67af9f88e424225585b37a193b561d5','{}','2019-09-11 22:05:30'),('16bd18ced10e84676f19a384a419c155','admin','list','/system/role/list/1','{\"p\":[\"5d283766dbe1b250926904ea6339900d\"],\"t\":[\"1101aca29a9dbe0a9e6eb03fe72abb0d\"]}','2019-09-18 22:57:42'),('17881da369d52e748ccaae130e0719fb','admin','getCount','/system/role/getCount','{\"roleId\":[\"a67af9f88e424225585b37a193b561d5\"]}','2019-09-18 22:57:57'),('17886d800a1533dba05e26dd3f0041a0','admin','info','/system/me/info','{}','2019-09-16 23:42:30'),('1882008c612f9444e8df8b561a594fd2','admin','doAuth','/system/role/doAuth','{\"roleId\":[\"a67af9f88e424225585b37a193b561d5\"],\"mid[]\":[\"5d283766dbe1b250926904ea6339900d\",\"8bb1552c916f4ca7145d905b5eadf9b1\",\"7174826bfcb81a907b4c6c7baf85fafa\",\"2fdc10b0c62f1602e08acacbc7aa78ca\",\"89ee44bb6c3390ce278e9cb032404e6a\",\"900c34599d28933db44de2fcc4a2db17\",\"1101aca29a9dbe0a9e6eb03fe72abb0d\",\"623704459748f4ca30690968074a3619\",\"f0c42cfe187698b3d0bb75c75780d0ed\",\"8ad25d30078368b12f69fdaefac1456d\",\"452154c770b1d29d1d7289db1f200c21\",\"a9caf91bd3ad7249787e5bfc13454f7b\",\"32c7724ad38e746fb52a6b882137e9cb\",\"47d8f55290f7de0582228aaf38089243\",\"62f9244a76a3181acdbeb4f23f97b485\",\"6d2b8caf3c59cf9101fe86bdd0f12806\",\"420d72eb74ade02390e9a2c131577031\",\"ca8e1246414013e2a7a9a3b89f17ff20\",\"8378178f752982e3f61641f19bde153d\",\"3ba2695bb7f934d2ff36ba450a9d6a3d\",\"a3fbf503038050a8f64ccdca21115b1a\",\"b4f04dfcbfb6746ab19b661bb8784b44\",\"e1d14917b7d5d7acb5aba5bd38b68d36\",\"28521bb4e1e11d1784b4f212282e13f0\",\"8cdf6177816ab9c7522711c2f7cbfc0d\"]}','2019-09-11 22:18:04'),('19236ba82852ddaf40ac5e6b15ac039e','admin','用户登录成功','/login/doLogin','','2019-09-07 22:19:14'),('192ae7216e4f4c83f369c783480ee527','admin','add','/system/user/add','{}','2019-09-11 22:10:16'),('1ac4ef94a2c8e10a1d77dbaf579699cf','admin','list','/system/menu/list/1','{\"p\":[\"5d283766dbe1b250926904ea6339900d\"],\"t\":[\"47d8f55290f7de0582228aaf38089243\"]}','2019-09-11 22:50:17'),('1af588b5726ee255f192512689122dac','admin','getCount','/system/role/getCount','{\"roleId\":[\"a67af9f88e424225585b37a193b561d5\"]}','2019-09-18 23:11:20'),('1b7f125ae17b9b1c1df173d26ae52cd8','admin','getCount','/system/role/getCount','{\"roleId\":[\"a67af9f88e424225585b37a193b561d5\"]}','2019-09-11 22:18:32'),('1bcfc5c306279e05f24343917ed0b12b','admin','list','/system/menu/list/2','{\"search\":[\"\"],\"pageSize\":[\"15\"]}','2019-09-11 22:19:27'),('1be5d3a6721bf112df31113ebafea8e9','admin','用户登录成功','/login/doLogin','','2019-09-05 20:13:59'),('1c901d9055e540085db09a5d37e18b67','admin','edit','/system/role/edit/401065a5483ae6c8bbcd32f0cec1792d','{}','2019-09-18 23:11:02'),('1cf4a0e44ca307dda96f93a2d53ba7d0','admin','auth','/system/role/auth/a67af9f88e424225585b37a193b561d5','{}','2019-09-11 22:17:56'),('1d43b3dbb8e5751ac0663a72b42690a3','admin','用户登录成功','/login/doLogin','','2019-09-11 08:47:23'),('1d880bf920388b52b1e21e9eaa7094f5','admin','list','/system/menu/list/1','{\"p\":[\"5d283766dbe1b250926904ea6339900d\"],\"t\":[\"47d8f55290f7de0582228aaf38089243\"]}','2019-09-18 23:11:23'),('1d9ec757e02d2230526a958c370bf772','admin','用户登录成功','/login/doLogin','','2019-09-11 09:05:19'),('1dc598d197bca7e06a1ae83b219a8f75','admin','auth','/system/role/auth/a67af9f88e424225585b37a193b561d5','{}','2019-09-11 22:03:43'),('1e3892a95a48a8abcabedac50eecb0e8','admin','用户登录成功','/login/doLogin','','2019-09-07 21:34:42'),('1fc99b1e76999d4346b9168bb308b1e1','admin','list','/system/log/list/1','{\"p\":[\"5d283766dbe1b250926904ea6339900d\"],\"t\":[\"a3fbf503038050a8f64ccdca21115b1a\"]}','2019-09-11 19:39:07'),('216276e3796a9bfb00ca9c88b5d07470','admin','getCount','/system/role/getCount','{\"roleId\":[\"401065a5483ae6c8bbcd32f0cec1792d\"]}','2019-09-18 23:11:07'),('21d0c6b44850a0ddec7c3199a983db7b','admin','info','/system/me/info','{}','2019-09-16 23:31:57'),('228d7447348ad2a004c11db3c0308b8a','admin','用户登录成功','/login/doLogin','','2019-09-08 01:16:12'),('2291ff58b01f88de14bb9e9d44600d53','admin','用户登录成功','/login/doLogin','','2019-09-10 22:23:11'),('22e22bf7e68b71d237df2c0dd12796d2','admin','info','/system/me/info','{}','2019-09-16 23:32:03'),('249962f373734868f04b34699259a34c','admin','doAuth','/system/role/doAuth','{\"roleId\":[\"a67af9f88e424225585b37a193b561d5\"],\"mid[]\":[\"5d283766dbe1b250926904ea6339900d\",\"8bb1552c916f4ca7145d905b5eadf9b1\",\"7174826bfcb81a907b4c6c7baf85fafa\",\"2fdc10b0c62f1602e08acacbc7aa78ca\",\"89ee44bb6c3390ce278e9cb032404e6a\",\"900c34599d28933db44de2fcc4a2db17\",\"1101aca29a9dbe0a9e6eb03fe72abb0d\",\"623704459748f4ca30690968074a3619\",\"f0c42cfe187698b3d0bb75c75780d0ed\",\"8ad25d30078368b12f69fdaefac1456d\",\"452154c770b1d29d1d7289db1f200c21\",\"a9caf91bd3ad7249787e5bfc13454f7b\",\"32c7724ad38e746fb52a6b882137e9cb\",\"47d8f55290f7de0582228aaf38089243\",\"420d72eb74ade02390e9a2c131577031\",\"ca8e1246414013e2a7a9a3b89f17ff20\",\"8378178f752982e3f61641f19bde153d\",\"3ba2695bb7f934d2ff36ba450a9d6a3d\",\"a3fbf503038050a8f64ccdca21115b1a\",\"e1d14917b7d5d7acb5aba5bd38b68d36\",\"62f9244a76a3181acdbeb4f23f97b485\",\"6d2b8caf3c59cf9101fe86bdd0f12806\",\"28521bb4e1e11d1784b4f212282e13f0\",\"8cdf6177816ab9c7522711c2f7cbfc0d\"]}','2019-09-12 10:01:14'),('24e842de56e4fe71f0e00805691713cf','admin','getCount','/system/role/getCount','{\"roleId\":[\"a67af9f88e424225585b37a193b561d5\"]}','2019-09-11 22:15:26'),('25eb1d30ae92caaff1c3636a4159a191','admin','list','/system/role/list/1','{\"p\":[\"5d283766dbe1b250926904ea6339900d\"],\"t\":[\"1101aca29a9dbe0a9e6eb03fe72abb0d\"]}','2019-09-11 22:22:00'),('2847db895d6f0a2d81003686468ed70c','admin','doAdd','/system/user/doAdd','{\"userName\":[\"test2\"],\"deptId\":[\"\"],\"password\":[\"123456\"],\"password2\":[\"123456\"],\"userDesc\":[\"test2 user\"],\"userStatus\":[\"1\"],\"roleId[]\":[\"a67af9f88e424225585b37a193b561d5\"]}','2019-09-11 21:52:17'),('288aafc2f645cc7400f9a474e0427afe','admin','list','/system/log/list/1','{\"p\":[\"5d283766dbe1b250926904ea6339900d\"],\"t\":[\"a3fbf503038050a8f64ccdca21115b1a\"]}','2019-09-11 19:46:37'),('28ad21be20ae9c33a9e7c8290f784b18','admin','list','/system/role/list/1','{\"p\":[\"5d283766dbe1b250926904ea6339900d\"],\"t\":[\"1101aca29a9dbe0a9e6eb03fe72abb0d\"]}','2019-09-12 10:19:17'),('2927fb84b3cee2faa6766d78b65e66d0','admin','edit','/system/user/edit/a8c3cfa5bc1894ceccfba76b80790681','{}','2019-09-11 22:10:21'),('294ae11f0168cf3d7a491fc29fd77aa8','admin','用户登录成功','/login/doLogin','','2019-09-11 08:44:55'),('29fe89b13faf99317cc12570a8a4a666','admin','getCount','/system/role/getCount','{\"roleId\":[\"a67af9f88e424225585b37a193b561d5\"]}','2019-09-18 23:08:55'),('2a9b51176de33320e8cf600bc6076300','admin','用户登录成功','/login/doLogin','','2019-09-05 12:41:39'),('2aaba01add6d919d0cadfdd69bcab4fd','admin','getCount','/system/role/getCount','{\"roleId\":[\"a67af9f88e424225585b37a193b561d5\"]}','2019-09-11 22:03:40'),('2b286797bccf4888ecc92e5a88baf711','admin','用户登录成功','/login/doLogin','','2019-09-05 22:53:36'),('2cf51bc22dc7657da9cea86c29e86915','admin','list','/system/role/list/1','{\"p\":[\"5d283766dbe1b250926904ea6339900d\"],\"t\":[\"1101aca29a9dbe0a9e6eb03fe72abb0d\"]}','2019-09-18 23:11:07'),('2ea13380742e16e6b20bd841d980a8a5','admin','auth','/system/role/auth/a67af9f88e424225585b37a193b561d5','{}','2019-09-12 09:48:42'),('2f5e229f277854e204d036bd606dc434','admin','list','/system/menu/list/1','{\"p\":[\"5d283766dbe1b250926904ea6339900d\"],\"t\":[\"47d8f55290f7de0582228aaf38089243\"]}','2019-09-11 22:09:51'),('305251a787f77f752eb1d8e048093bbd','admin','page','/system/setting/page','{\"p\":[\"5d283766dbe1b250926904ea6339900d\"],\"t\":[\"e1d14917b7d5d7acb5aba5bd38b68d36\"]}','2019-09-11 22:50:38'),('30b027a5286e494675e99bac4cebb3c8','admin','用户登录成功','/login/doLogin','','2019-09-07 21:57:45'),('310e2ac6ed80ee2be936dc53d6556d0e','admin','list','/system/user/list/1','{\"p\":[\"5d283766dbe1b250926904ea6339900d\"],\"t\":[\"8bb1552c916f4ca7145d905b5eadf9b1\"]}','2019-09-11 19:39:03'),('31b8b376ed10c15ade965d162a31e076','admin','auth','/system/role/auth/a67af9f88e424225585b37a193b561d5','{}','2019-09-11 22:19:14'),('3311d03efed2882852b9c69d48775f76','admin','用户登录成功','/login/doLogin','','2019-09-10 22:30:00'),('334c24d5461d688ed238c28f9005cc27','admin','doAuth','/system/role/doAuth','{\"roleId\":[\"a67af9f88e424225585b37a193b561d5\"],\"mid[]\":[\"5d283766dbe1b250926904ea6339900d\",\"8bb1552c916f4ca7145d905b5eadf9b1\",\"7174826bfcb81a907b4c6c7baf85fafa\",\"2fdc10b0c62f1602e08acacbc7aa78ca\",\"89ee44bb6c3390ce278e9cb032404e6a\",\"900c34599d28933db44de2fcc4a2db17\",\"1101aca29a9dbe0a9e6eb03fe72abb0d\",\"623704459748f4ca30690968074a3619\",\"f0c42cfe187698b3d0bb75c75780d0ed\",\"8ad25d30078368b12f69fdaefac1456d\",\"452154c770b1d29d1d7289db1f200c21\",\"a9caf91bd3ad7249787e5bfc13454f7b\",\"32c7724ad38e746fb52a6b882137e9cb\",\"47d8f55290f7de0582228aaf38089243\",\"420d72eb74ade02390e9a2c131577031\",\"ca8e1246414013e2a7a9a3b89f17ff20\",\"8378178f752982e3f61641f19bde153d\",\"3ba2695bb7f934d2ff36ba450a9d6a3d\",\"e1d14917b7d5d7acb5aba5bd38b68d36\",\"62f9244a76a3181acdbeb4f23f97b485\",\"6d2b8caf3c59cf9101fe86bdd0f12806\",\"28521bb4e1e11d1784b4f212282e13f0\",\"8cdf6177816ab9c7522711c2f7cbfc0d\"]}','2019-09-12 09:48:19'),('334cf64323ccd03ea858c32d75a5667a','admin','执行用户登录','/login/doLogin','{\"return_url\":[\"\"],\"userName\":[\"admin\"],\"password\":[\"123456\"]}','2019-09-11 22:19:06'),('34880f30be368a365bfbf8cb561124bb','admin','用户登录成功','/login/doLogin','','2019-09-07 17:35:32'),('34e2372b07a1dd81339b2db54798a946','admin','info','/system/me/info','{}','2019-09-16 23:05:33'),('3594b2f46e30a1b0d10a71f14eca26fb','admin','list','/system/role/list/1','{\"p\":[\"5d283766dbe1b250926904ea6339900d\"],\"t\":[\"1101aca29a9dbe0a9e6eb03fe72abb0d\"]}','2019-09-11 21:54:53'),('35ecbf3070eac3fd5420501adb05e2de','admin','list','/system/role/list/1','{\"p\":[\"5d283766dbe1b250926904ea6339900d\"],\"t\":[\"1101aca29a9dbe0a9e6eb03fe72abb0d\"]}','2019-09-12 10:01:14'),('3622c2fd0ab661435fae455a1ee63bba','admin','add','/system/role/add','{}','2019-09-18 23:01:56'),('36c2f57881cab54cc023c49372d4ca17','admin','用户登录成功','/login/doLogin','','2019-09-10 22:19:44'),('374217476aeb820ea98ca03f68e56112','admin','list','/system/role/list/1','{\"p\":[\"5d283766dbe1b250926904ea6339900d\"],\"t\":[\"1101aca29a9dbe0a9e6eb03fe72abb0d\"]}','2019-09-11 22:44:35'),('3818ee3ca48b09224bc67e9973fc160e','admin','doAuth','/system/role/doAuth','{\"roleId\":[\"a67af9f88e424225585b37a193b561d5\"],\"mid[]\":[\"5d283766dbe1b250926904ea6339900d\",\"8bb1552c916f4ca7145d905b5eadf9b1\",\"7174826bfcb81a907b4c6c7baf85fafa\",\"2fdc10b0c62f1602e08acacbc7aa78ca\",\"89ee44bb6c3390ce278e9cb032404e6a\",\"900c34599d28933db44de2fcc4a2db17\",\"1101aca29a9dbe0a9e6eb03fe72abb0d\",\"623704459748f4ca30690968074a3619\",\"f0c42cfe187698b3d0bb75c75780d0ed\",\"8ad25d30078368b12f69fdaefac1456d\",\"452154c770b1d29d1d7289db1f200c21\",\"a9caf91bd3ad7249787e5bfc13454f7b\",\"32c7724ad38e746fb52a6b882137e9cb\",\"47d8f55290f7de0582228aaf38089243\",\"420d72eb74ade02390e9a2c131577031\",\"ca8e1246414013e2a7a9a3b89f17ff20\",\"8378178f752982e3f61641f19bde153d\",\"3ba2695bb7f934d2ff36ba450a9d6a3d\",\"a3fbf503038050a8f64ccdca21115b1a\",\"e1d14917b7d5d7acb5aba5bd38b68d36\",\"62f9244a76a3181acdbeb4f23f97b485\",\"6d2b8caf3c59cf9101fe86bdd0f12806\",\"28521bb4e1e11d1784b4f212282e13f0\",\"8cdf6177816ab9c7522711c2f7cbfc0d\"]}','2019-09-12 10:03:49'),('39400181d5d7e6d57ae79f60c086c749','admin','auth','/system/role/auth/a67af9f88e424225585b37a193b561d5','{}','2019-09-12 10:18:53'),('3a284def974a4e9ab9360822658acc20','admin','用户登录成功','/login/doLogin','','2019-09-07 17:46:50'),('3a68ae4d4eea7a6c4ac11d842ec9309c','admin','list','/system/monitor/list','{\"p\":[\"5d283766dbe1b250926904ea6339900d\"],\"t\":[\"28521bb4e1e11d1784b4f212282e13f0\"]}','2019-09-11 22:50:39'),('3adb19c85f3bf37d25c2efab3f6c8f58','admin','执行用户登录','/login/doLogin','{\"return_url\":[\"\"],\"userName\":[\"admin\"],\"password\":[\"123456\"]}','2019-09-11 22:24:21'),('3bb719b7f0f47dce7fc97d2e054b677e','admin','params','/system/log/params/2f5e229f277854e204d036bd606dc434','{}','2019-09-11 22:12:15'),('3d056d64c09d660304955d6a2af22630','admin','getCount','/system/role/getCount','{\"roleId\":[\"a67af9f88e424225585b37a193b561d5\"]}','2019-09-12 09:55:35'),('3dd296011393c39b0e852a22d62d15af','admin','list','/system/role/list/1','{\"p\":[\"5d283766dbe1b250926904ea6339900d\"],\"t\":[\"1101aca29a9dbe0a9e6eb03fe72abb0d\"]}','2019-09-18 23:09:33'),('3eddfe1a877addf9cd1f4fab781ebf16','admin','list','/system/log/list/1','{\"p\":[\"5d283766dbe1b250926904ea6339900d\"],\"t\":[\"a3fbf503038050a8f64ccdca21115b1a\"]}','2019-09-12 09:48:30'),('3f9a95061b2097936820c6d361df5515','admin','用户登录成功','/login/doLogin','','2019-09-07 22:47:05'),('402e887d7e3490c650329adca17b6a64','admin','auth','/system/role/auth/a67af9f88e424225585b37a193b561d5','{}','2019-09-11 22:09:58'),('40d65149f4ea19ce4aae1bbe23a3033f','admin','getCount','/system/role/getCount','{\"roleId\":[\"401065a5483ae6c8bbcd32f0cec1792d\"]}','2019-09-18 23:09:37'),('41135a4d3ab6ba469158ebf8fd9521cf','admin','执行用户登录','/login/doLogin','{\"return_url\":[\"\"],\"userName\":[\"admin\"],\"password\":[\"123456\"]}','2019-09-18 23:08:51'),('425a88e84c9af2b4151cc9b20bc4d1cf','admin','page','/system/setting/page','{\"p\":[\"5d283766dbe1b250926904ea6339900d\"],\"t\":[\"e1d14917b7d5d7acb5aba5bd38b68d36\"]}','2019-09-18 23:11:35'),('42fb30f27d5fca39cea0ff8b2a32299d','admin','list','/system/role/list/1','{\"p\":[\"5d283766dbe1b250926904ea6339900d\"],\"t\":[\"1101aca29a9dbe0a9e6eb03fe72abb0d\"]}','2019-09-11 22:14:34'),('43c3b60f0e338dda9c48b491956a2ba7','admin','doAuth','/system/role/doAuth','{\"roleId\":[\"a67af9f88e424225585b37a193b561d5\"],\"mid[]\":[\"5d283766dbe1b250926904ea6339900d\",\"8bb1552c916f4ca7145d905b5eadf9b1\",\"7174826bfcb81a907b4c6c7baf85fafa\",\"2fdc10b0c62f1602e08acacbc7aa78ca\",\"89ee44bb6c3390ce278e9cb032404e6a\",\"900c34599d28933db44de2fcc4a2db17\",\"1101aca29a9dbe0a9e6eb03fe72abb0d\",\"623704459748f4ca30690968074a3619\",\"f0c42cfe187698b3d0bb75c75780d0ed\",\"8ad25d30078368b12f69fdaefac1456d\",\"452154c770b1d29d1d7289db1f200c21\",\"a9caf91bd3ad7249787e5bfc13454f7b\",\"32c7724ad38e746fb52a6b882137e9cb\",\"47d8f55290f7de0582228aaf38089243\",\"62f9244a76a3181acdbeb4f23f97b485\",\"6d2b8caf3c59cf9101fe86bdd0f12806\",\"420d72eb74ade02390e9a2c131577031\",\"ca8e1246414013e2a7a9a3b89f17ff20\",\"8378178f752982e3f61641f19bde153d\",\"3ba2695bb7f934d2ff36ba450a9d6a3d\",\"a3fbf503038050a8f64ccdca21115b1a\",\"b4f04dfcbfb6746ab19b661bb8784b44\",\"e1d14917b7d5d7acb5aba5bd38b68d36\",\"28521bb4e1e11d1784b4f212282e13f0\",\"8cdf6177816ab9c7522711c2f7cbfc0d\"]}','2019-09-11 22:44:35'),('43cb3f5830add80834f62c689eb729db','admin','list','/system/role/list/1','{\"p\":[\"5d283766dbe1b250926904ea6339900d\"],\"t\":[\"1101aca29a9dbe0a9e6eb03fe72abb0d\"]}','2019-09-18 23:01:54'),('454b8cddcb965e919ce699088df3284d','admin','list','/system/user/list/1','{\"p\":[\"5d283766dbe1b250926904ea6339900d\"],\"t\":[\"8bb1552c916f4ca7145d905b5eadf9b1\"]}','2019-09-11 22:17:50'),('4569296cc7957b18c1e173c02a63e81e','admin','getCount','/system/role/getCount','{\"roleId\":[\"401065a5483ae6c8bbcd32f0cec1792d\"]}','2019-09-18 23:08:00'),('45f8ed9c2435851864d0f18195ecf33e','admin','list','/system/role/list/1','{\"p\":[\"5d283766dbe1b250926904ea6339900d\"],\"t\":[\"1101aca29a9dbe0a9e6eb03fe72abb0d\"]}','2019-09-11 22:05:24'),('468ed6148828be84411d2cfa93e76c63','admin','用户登录成功','/login/doLogin','','2019-09-07 18:09:04'),('4710bf81cc7f8d4721fd8cf0d607b0ec','admin','list','/system/monitor/list','{\"p\":[\"5d283766dbe1b250926904ea6339900d\"],\"t\":[\"28521bb4e1e11d1784b4f212282e13f0\"]}','2019-09-18 23:11:37'),('474aef523e03ee70e5ab4c2ebc852c8a','admin','list','/system/role/list/1','{\"p\":[\"5d283766dbe1b250926904ea6339900d\"],\"t\":[\"1101aca29a9dbe0a9e6eb03fe72abb0d\"]}','2019-09-12 09:48:23'),('479a46b58721681d6c22fd6ab9c4f2be','admin','list','/system/role/list/1','{\"p\":[\"5d283766dbe1b250926904ea6339900d\"],\"t\":[\"1101aca29a9dbe0a9e6eb03fe72abb0d\"]}','2019-09-12 10:04:10'),('4812aec5bab4d1e533c274723977da3f','admin','list','/system/log/list/1','{\"p\":[\"5d283766dbe1b250926904ea6339900d\"],\"t\":[\"a3fbf503038050a8f64ccdca21115b1a\"]}','2019-09-11 22:09:32'),('485eadc257804a2216ada3ba300b8686','admin','auth','/system/role/auth/a67af9f88e424225585b37a193b561d5','{}','2019-09-12 10:01:10'),('48c96edb2db7e4a70ec493cead5b65a2','admin','执行用户登录','/login/doLogin','{\"return_url\":[\"\"],\"userName\":[\"admin\"],\"password\":[\"123456\"]}','2019-09-11 19:46:26'),('48eb9325c40add14ef3effdfa6bd511d','admin','getCount','/system/role/getCount','{\"roleId\":[\"a67af9f88e424225585b37a193b561d5\"]}','2019-09-11 22:44:02'),('49196abf2df84da378cc82d9a01937be','admin','edit','/system/role/edit/a67af9f88e424225585b37a193b561d5','{}','2019-09-18 22:57:46'),('493842ffbf015b1ec1508204e4c4a344','admin','list','/system/role/list/1','{\"p\":[\"5d283766dbe1b250926904ea6339900d\"],\"t\":[\"1101aca29a9dbe0a9e6eb03fe72abb0d\"]}','2019-09-12 09:55:36'),('49cf605504938751db604a27d5eb32ad','admin','doEdit','/system/role/doEdit','{\"id\":[\"a67af9f88e424225585b37a193b561d5\"],\"roleName\":[\"SuperGroup\"],\"roleDesc\":[\"超级管理员\"],\"roleState\":[\"1\"]}','2019-09-18 22:58:02'),('4ac7ee6e19b62d0434a047280b8cdcad','admin','list','/system/log/list/1','{\"p\":[\"5d283766dbe1b250926904ea6339900d\"],\"t\":[\"a3fbf503038050a8f64ccdca21115b1a\"]}','2019-09-11 19:46:30'),('4b5c9a3669248c8808b73aa89a17b38b','admin','执行用户登录','/login/doLogin','{\"return_url\":[\"\"],\"userName\":[\"admin\"],\"password\":[\"123456\"]}','2019-09-12 10:01:58'),('4d5eafc2567d7025e3fc91c9e27559c8','admin','list','/system/role/list/1','{\"p\":[\"5d283766dbe1b250926904ea6339900d\"],\"t\":[\"1101aca29a9dbe0a9e6eb03fe72abb0d\"]}','2019-09-11 19:39:06'),('4ea0b9fc15dcbf11539a283da9966c3a','admin','list','/system/user/list/1','{\"p\":[\"5d283766dbe1b250926904ea6339900d\"],\"t\":[\"8bb1552c916f4ca7145d905b5eadf9b1\"]}','2019-09-11 22:21:48'),('4eccded2aefdd1a9ad7fa72b5a2b9f83','admin','info','/system/me/info','{}','2019-09-16 23:34:17'),('4f1fd171ca0b4f6c2deac2e54b2d7ba3','admin','getCount','/system/role/getCount','{\"roleId\":[\"a67af9f88e424225585b37a193b561d5\"]}','2019-09-11 22:10:35'),('4f9f742712e9a4dcffd85cda11337b80','admin','getCount','/system/role/getCount','{\"roleId\":[\"9ee1ce4205ebe6b549a221827d46d1fe\"]}','2019-09-18 23:09:06'),('503375c0463a88984a024b7cdff183af','admin','auth','/system/role/auth/a67af9f88e424225585b37a193b561d5','{}','2019-09-12 09:55:25'),('508cfd993adc23892f0abd01c21aed3b','admin','list','/system/role/list/1','{\"p\":[\"5d283766dbe1b250926904ea6339900d\"],\"t\":[\"1101aca29a9dbe0a9e6eb03fe72abb0d\"]}','2019-09-12 10:02:54'),('50cce0b07b08df35080550b4b5108a70','admin','执行用户登录','/login/doLogin','{\"return_url\":[\"\"],\"userName\":[\"admin\"],\"password\":[\"123456\"]}','2019-09-11 22:14:27'),('50ec851c73017d8e6e2a0840be1c7845','admin','getCount','/system/role/getCount','{\"roleId\":[\"a67af9f88e424225585b37a193b561d5\"]}','2019-09-11 22:22:00'),('50f54a58c1b08e97c8345e2dc67b3439','admin','edit','/system/user/edit/0cf40d0083a91221fcf38b72bf23d2e2','{}','2019-09-18 22:57:21'),('5105f69cabf24e6c91ab6a2a548ef3e9','admin','执行用户登录','/login/doLogin','{\"return_url\":[\"\"],\"userName\":[\"admin\"],\"password\":[\"123456\"]}','2019-09-11 22:44:43'),('513592f567c10fb1d642bc4eb14f8fe7','admin','add','/system/user/add','{}','2019-09-11 22:15:35'),('520d9b5fe45214fac8280fd11d4b4322','admin','getCount','/system/role/getCount','{\"roleId\":[\"9ee1ce4205ebe6b549a221827d46d1fe\"]}','2019-09-18 23:11:07'),('52524329abd59ae36d9371c064c17e7a','admin','auth','/system/role/auth/a67af9f88e424225585b37a193b561d5','{}','2019-09-11 22:15:29'),('52a81a46930ea562fcf9afc02c85a486','admin','用户登录成功','/login/doLogin','','2019-09-11 09:50:47'),('5404bd1d237b33f546204277ea28fb35','admin','list','/system/log/list/1','{\"p\":[\"5d283766dbe1b250926904ea6339900d\"],\"t\":[\"a3fbf503038050a8f64ccdca21115b1a\"]}','2019-09-11 22:11:51'),('54c67ad67a78d0cbdd273daf617c0e7c','admin','list','/system/user/list/1','{\"p\":[\"5d283766dbe1b250926904ea6339900d\"],\"t\":[\"8bb1552c916f4ca7145d905b5eadf9b1\"]}','2019-09-11 22:10:25'),('5566109400832dd12db74ce0e089f7f8','admin','用户登录成功','/login/doLogin','','2019-09-05 20:03:27'),('55eaf1b47f3dfddb98e40b760da919e0','admin','list','/system/user/list/1','{\"p\":[\"5d283766dbe1b250926904ea6339900d\"],\"t\":[\"8bb1552c916f4ca7145d905b5eadf9b1\"]}','2019-09-12 09:48:35'),('5622f42230d1b9e020cd6824b20ac0d4','admin','list','/system/monitor/list','{\"p\":[\"5d283766dbe1b250926904ea6339900d\"],\"t\":[\"28521bb4e1e11d1784b4f212282e13f0\"]}','2019-09-18 23:11:44'),('5822f6336089a18c826307bbc344d705','admin','auth','/system/role/auth/a67af9f88e424225585b37a193b561d5','{}','2019-09-11 22:05:29'),('5854bd4c76f4184482d99d61ed95e412','admin','page','/system/setting/page','{\"p\":[\"5d283766dbe1b250926904ea6339900d\"],\"t\":[\"e1d14917b7d5d7acb5aba5bd38b68d36\"]}','2019-09-11 22:09:53'),('588e46e650fd5a8a058694f655e972d8','admin','getCount','/system/role/getCount','{\"roleId\":[\"401065a5483ae6c8bbcd32f0cec1792d\"]}','2019-09-18 23:08:55'),('5910fba5630c678a98d31e014d7b4d53','admin','用户登录成功','/login/doLogin','','2019-09-07 22:49:22'),('595025ed3fc2f21f2f6c4b6b8bcbf2ce','admin','info','/system/me/info','{}','2019-09-16 23:05:39'),('5acdf7c7aa96af7b10e39df4311c0233','admin','list','/system/user/list/1','{\"p\":[\"5d283766dbe1b250926904ea6339900d\"],\"t\":[\"8bb1552c916f4ca7145d905b5eadf9b1\"]}','2019-09-18 22:57:17'),('5af11ddd8cc4c0a056037e323d9309ef','admin','getCount','/system/role/getCount','{\"roleId\":[\"401065a5483ae6c8bbcd32f0cec1792d\"]}','2019-09-18 23:09:33'),('5c9624c83a5ad1c75981cc630cfeff4c','admin','list','/system/role/list/1','{\"p\":[\"5d283766dbe1b250926904ea6339900d\"],\"t\":[\"1101aca29a9dbe0a9e6eb03fe72abb0d\"]}','2019-09-12 09:55:28'),('5d71f128b7302d555efa360ece3797c0','admin','auth','/system/role/auth/a67af9f88e424225585b37a193b561d5','{}','2019-09-11 22:09:25'),('5f7f78cbd61fbf400701126ed5995a32','admin','checkName','/system/user/checkName','{\"userName\":[\"test\"]}','2019-09-11 21:51:22'),('60cda8ba5f62caadc061cce7c9ae09ba','admin','用户登录成功','/login/doLogin','','2019-09-08 00:27:30'),('60e4a461c03d46c17e862b9941035591','admin','getCount','/system/role/getCount','{\"roleId\":[\"a67af9f88e424225585b37a193b561d5\"]}','2019-09-12 10:18:44'),('60e557da1fcd0738e0c4f0c580dd8ff5','admin','auth','/system/role/auth/a67af9f88e424225585b37a193b561d5','{}','2019-09-12 10:02:42'),('633f778519562bdd414433e4526df338','admin','用户登录成功','/login/doLogin','','2019-09-11 10:08:11'),('63a39c0b2cfa88ef592fbbd0822b1347','admin','list','/system/log/list/1','{\"p\":[\"5d283766dbe1b250926904ea6339900d\"],\"t\":[\"a3fbf503038050a8f64ccdca21115b1a\"]}','2019-09-11 19:46:35'),('63cb53811cb1c9deb95c74d08af5249e','admin','用户登录成功','/login/doLogin','','2019-09-08 00:21:56'),('64b5c91125fbf2575e1f4f6def5096ca','admin','list','/system/user/list/1','{\"p\":[\"5d283766dbe1b250926904ea6339900d\"],\"t\":[\"8bb1552c916f4ca7145d905b5eadf9b1\"]}','2019-09-11 21:52:17'),('65ad7495099aa87fc46b26400b11dbf6','admin','用户登录成功','/login/doLogin','','2019-09-05 20:55:27'),('66e5ac17396b9c6cd5731878e2cba68e','admin','list','/system/log/list/1','{\"p\":[\"5d283766dbe1b250926904ea6339900d\"],\"t\":[\"a3fbf503038050a8f64ccdca21115b1a\"]}','2019-09-12 09:48:28'),('68f24a8cd31e9410be0cd1d2ace436cc','admin','params','/system/log/params/2927fb84b3cee2faa6766d78b65e66d0','{}','2019-09-11 22:11:58'),('6a0c4d77487f4df86710ad8fd7a76d21','admin','执行用户登录','/login/doLogin','{\"return_url\":[\"\"],\"userName\":[\"admin\"],\"password\":[\"123456\"]}','2019-09-12 10:00:32'),('6a597d480d9ea9e250c7357a60ff188b','admin','用户登录成功','/login/doLogin','','2019-09-10 22:31:25'),('6adee74aa32ffaeb60b554ace0bcbbb7','admin','auth','/system/role/auth/a67af9f88e424225585b37a193b561d5','{}','2019-09-12 10:03:59'),('6b4cd465cc4c7f1d44ec831f0fa63fd1','admin','list','/system/role/list/1','{\"p\":[\"5d283766dbe1b250926904ea6339900d\"],\"t\":[\"1101aca29a9dbe0a9e6eb03fe72abb0d\"]}','2019-09-11 22:18:37'),('6bca463b4b95bed1c8b4c11b4c190a43','admin','执行用户登录','/login/doLogin','{\"return_url\":[\"\"],\"userName\":[\"admin\"],\"password\":[\"123456\"]}','2019-09-16 23:05:18'),('6c1e5f0036bf29f455ccc5736d9ab1dd','admin','用户登录成功','/login/doLogin','','2019-09-05 19:47:56'),('6d036893cd18b6ffd594de4d03edb075','admin','getCount','/system/role/getCount','{\"roleId\":[\"a67af9f88e424225585b37a193b561d5\"]}','2019-09-18 23:09:37'),('6d13fba6810855ecf45f0621e64c7990','admin','用户登录成功','/login/doLogin','','2019-09-08 00:10:35'),('6fb49d56dcc530a8f7e245cee09e34c4','admin','getCount','/system/role/getCount','{\"roleId\":[\"a67af9f88e424225585b37a193b561d5\"]}','2019-09-11 22:19:10'),('709a69373f42a3d2b579d4ac7d744c74','admin','getCount','/system/role/getCount','{\"roleId\":[\"a67af9f88e424225585b37a193b561d5\"]}','2019-09-18 23:07:51'),('711fd8e357058b3df75691be53461d1c','admin','auth','/system/role/auth/a67af9f88e424225585b37a193b561d5','{}','2019-09-11 22:14:37'),('71cf29c8eaef2531b2e7c0509498586c','admin','list','/system/role/list/1','{\"p\":[\"5d283766dbe1b250926904ea6339900d\"],\"t\":[\"1101aca29a9dbe0a9e6eb03fe72abb0d\"]}','2019-09-18 23:08:00'),('723c4b95881ae1512bd56dbe70819a8e','admin','edit','/system/menu/edit/5d283766dbe1b250926904ea6339900d','{}','2019-09-18 23:11:29'),('72c523c25574a8b0cb21047ed16c04af','admin','list','/system/log/list/1','{}','2019-09-11 22:44:52'),('73d167cf4b9231d7fbd0c40d4b456d45','admin','info','/system/me/info','{}','2019-09-16 23:33:19'),('74473db9f67f90ed844a58e6f2215f70','admin','执行用户登录','/login/doLogin','{\"return_url\":[\"\"],\"userName\":[\"admin\"],\"password\":[\"123456\"]}','2019-09-18 22:56:52'),('746b063c1c8892a15c5bbba65719b592','admin','getCount','/system/role/getCount','{\"roleId\":[\"a67af9f88e424225585b37a193b561d5\"]}','2019-09-12 10:02:34'),('75578a67fd351d6081c000ee7f303cf2','admin','info','/system/me/info','{}','2019-09-16 23:05:21'),('75dadf4c25cdeec10f34a58820530cf1','admin','doAuth','/system/role/doAuth','{\"roleId\":[\"a67af9f88e424225585b37a193b561d5\"],\"mid[]\":[\"5d283766dbe1b250926904ea6339900d\",\"8bb1552c916f4ca7145d905b5eadf9b1\",\"7174826bfcb81a907b4c6c7baf85fafa\",\"2fdc10b0c62f1602e08acacbc7aa78ca\",\"89ee44bb6c3390ce278e9cb032404e6a\",\"900c34599d28933db44de2fcc4a2db17\",\"1101aca29a9dbe0a9e6eb03fe72abb0d\",\"623704459748f4ca30690968074a3619\",\"f0c42cfe187698b3d0bb75c75780d0ed\",\"8ad25d30078368b12f69fdaefac1456d\",\"452154c770b1d29d1d7289db1f200c21\",\"a9caf91bd3ad7249787e5bfc13454f7b\",\"32c7724ad38e746fb52a6b882137e9cb\",\"47d8f55290f7de0582228aaf38089243\",\"420d72eb74ade02390e9a2c131577031\",\"ca8e1246414013e2a7a9a3b89f17ff20\",\"8378178f752982e3f61641f19bde153d\",\"3ba2695bb7f934d2ff36ba450a9d6a3d\",\"a3fbf503038050a8f64ccdca21115b1a\",\"b4f04dfcbfb6746ab19b661bb8784b44\",\"e1d14917b7d5d7acb5aba5bd38b68d36\",\"62f9244a76a3181acdbeb4f23f97b485\",\"6d2b8caf3c59cf9101fe86bdd0f12806\",\"28521bb4e1e11d1784b4f212282e13f0\",\"8cdf6177816ab9c7522711c2f7cbfc0d\"]}','2019-09-12 09:55:28'),('76457a509271f9709e4b6a47aee1cb75','admin','用户登录成功','/login/doLogin','','2019-09-07 23:52:14'),('7776a2e53e2b51c31b0a68e6c0ea93f9','admin','用户登录成功','/login/doLogin','','2019-09-11 08:39:37'),('78e93eeceb481444cbfca60fbc1a292e','admin','list','/system/menu/list/1','{\"p\":[\"5d283766dbe1b250926904ea6339900d\"],\"t\":[\"47d8f55290f7de0582228aaf38089243\"]}','2019-09-11 22:20:01'),('793d76fb68558bfd8e053d58a283f330','admin','用户登录成功','/login/doLogin','','2019-09-07 21:29:20'),('79de5b427866a4840765cbe01f36b08f','admin','edit','/system/role/edit/a67af9f88e424225585b37a193b561d5','{}','2019-09-11 22:15:11'),('7a8e495260cb66da9e01d43540d0670c','admin','用户登录成功','/login/doLogin','','2019-09-11 19:46:26'),('7a9a29f48d788d865eaa7a54e10d8d70','admin','list','/system/log/list/1','{\"p\":[\"5d283766dbe1b250926904ea6339900d\"],\"t\":[\"a3fbf503038050a8f64ccdca21115b1a\"]}','2019-09-11 22:17:32'),('7b523f16e27fa4e5c75b2a08b64be992','admin','getCount','/system/role/getCount','{\"roleId\":[\"a67af9f88e424225585b37a193b561d5\"]}','2019-09-12 09:55:29'),('7c5c824afb3ee4d3b26e9a685dd06c30','admin','用户登录成功','/login/doLogin','','2019-09-07 22:23:04'),('7cca812546ac06429d23440428f0ed6d','admin','doEdit','/system/user/doEdit','{\"id\":[\"a8c3cfa5bc1894ceccfba76b80790681\"],\"userName\":[\"test2\"],\"password\":[\"\"],\"confpwd\":[\"\"],\"userDesc\":[\"test2 user\"],\"userStatus\":[\"0\"],\"roleId[]\":[\"a67af9f88e424225585b37a193b561d5\"]}','2019-09-11 22:10:24'),('7d9851bfcfdb67e6ac1f1bf2cbfea24d','admin','getCount','/system/role/getCount','{\"roleId\":[\"a67af9f88e424225585b37a193b561d5\"]}','2019-09-11 22:50:21'),('7df2c330c01321a698a09e00e9dfbd39','admin','list','/system/role/list/1','{\"p\":[\"5d283766dbe1b250926904ea6339900d\"],\"t\":[\"1101aca29a9dbe0a9e6eb03fe72abb0d\"]}','2019-09-11 22:18:04'),('7df80c735ce0b4eed420a26932bc41a1','admin','getCount','/system/role/getCount','{\"roleId\":[\"a67af9f88e424225585b37a193b561d5\"]}','2019-09-12 09:48:09'),('7e22fc1396ec86f3b6e66a7fec9296b3','admin','用户登录成功','/login/doLogin','','2019-09-08 00:28:18'),('7e31bcabc444dbc10d06e95f220d5d00','admin','用户登录成功','/login/doLogin','','2019-09-05 20:09:31'),('7e9207275115af2edb146b455f95be34','admin','list','/system/user/list/1','{\"p\":[\"5d283766dbe1b250926904ea6339900d\"],\"t\":[\"8bb1552c916f4ca7145d905b5eadf9b1\"]}','2019-09-18 23:11:47'),('7f808a4e7c9c0f4cb8d51d533a16aa83','admin','getCount','/system/role/getCount','{\"roleId\":[\"401065a5483ae6c8bbcd32f0cec1792d\"]}','2019-09-18 23:11:00'),('7fc14cb6df5699942d45bc2e66286615','admin','list','/system/user/list/1','{\"p\":[\"5d283766dbe1b250926904ea6339900d\"],\"t\":[\"8bb1552c916f4ca7145d905b5eadf9b1\"]}','2019-09-18 22:57:01'),('802c425ee2ea85b9f635f11d5fc09d50','admin','list','/system/user/list/1','{\"p\":[\"5d283766dbe1b250926904ea6339900d\"],\"t\":[\"8bb1552c916f4ca7145d905b5eadf9b1\"]}','2019-09-11 22:10:14'),('80e2f89ffcd5013a4f6178864df7bf37','admin','info','/system/me/info','{}','2019-09-16 23:33:22'),('81f476da9b5db9d5e3ffe4e9c6019a77','admin','add','/system/role/add','{}','2019-09-18 23:07:53'),('82470961476992a00dc41e3d497cb3f9','admin','doAuth','/system/role/doAuth','{\"roleId\":[\"a67af9f88e424225585b37a193b561d5\"],\"mid[]\":[\"5d283766dbe1b250926904ea6339900d\",\"8bb1552c916f4ca7145d905b5eadf9b1\",\"7174826bfcb81a907b4c6c7baf85fafa\",\"2fdc10b0c62f1602e08acacbc7aa78ca\",\"89ee44bb6c3390ce278e9cb032404e6a\",\"900c34599d28933db44de2fcc4a2db17\",\"1101aca29a9dbe0a9e6eb03fe72abb0d\",\"623704459748f4ca30690968074a3619\",\"f0c42cfe187698b3d0bb75c75780d0ed\",\"8ad25d30078368b12f69fdaefac1456d\",\"452154c770b1d29d1d7289db1f200c21\",\"a9caf91bd3ad7249787e5bfc13454f7b\",\"32c7724ad38e746fb52a6b882137e9cb\",\"47d8f55290f7de0582228aaf38089243\",\"62f9244a76a3181acdbeb4f23f97b485\",\"6d2b8caf3c59cf9101fe86bdd0f12806\",\"420d72eb74ade02390e9a2c131577031\",\"ca8e1246414013e2a7a9a3b89f17ff20\",\"8378178f752982e3f61641f19bde153d\",\"3ba2695bb7f934d2ff36ba450a9d6a3d\",\"e1d14917b7d5d7acb5aba5bd38b68d36\",\"28521bb4e1e11d1784b4f212282e13f0\",\"8cdf6177816ab9c7522711c2f7cbfc0d\"]}','2019-09-11 22:18:32'),('82d9f1664755a4c34f3350cecf42279b','admin','doAuth','/system/role/doAuth','{\"roleId\":[\"a67af9f88e424225585b37a193b561d5\"],\"mid[]\":[\"5d283766dbe1b250926904ea6339900d\",\"8bb1552c916f4ca7145d905b5eadf9b1\",\"7174826bfcb81a907b4c6c7baf85fafa\",\"2fdc10b0c62f1602e08acacbc7aa78ca\",\"89ee44bb6c3390ce278e9cb032404e6a\",\"900c34599d28933db44de2fcc4a2db17\",\"1101aca29a9dbe0a9e6eb03fe72abb0d\",\"623704459748f4ca30690968074a3619\",\"f0c42cfe187698b3d0bb75c75780d0ed\",\"8ad25d30078368b12f69fdaefac1456d\",\"452154c770b1d29d1d7289db1f200c21\",\"a9caf91bd3ad7249787e5bfc13454f7b\",\"32c7724ad38e746fb52a6b882137e9cb\",\"47d8f55290f7de0582228aaf38089243\",\"420d72eb74ade02390e9a2c131577031\",\"ca8e1246414013e2a7a9a3b89f17ff20\",\"8378178f752982e3f61641f19bde153d\",\"3ba2695bb7f934d2ff36ba450a9d6a3d\",\"a3fbf503038050a8f64ccdca21115b1a\",\"b4f04dfcbfb6746ab19b661bb8784b44\",\"e1d14917b7d5d7acb5aba5bd38b68d36\",\"62f9244a76a3181acdbeb4f23f97b485\",\"6d2b8caf3c59cf9101fe86bdd0f12806\",\"28521bb4e1e11d1784b4f212282e13f0\",\"8cdf6177816ab9c7522711c2f7cbfc0d\"]}','2019-09-12 10:02:49'),('8309a4f362a0bde7a7b28e1f9c35e790','admin','执行用户登录','/login/doLogin','{\"return_url\":[\"\"],\"userName\":[\"admin\"],\"password\":[\"123456\"]}','2019-09-11 22:50:13'),('849ad50629cf26cdf2cf8ead713467ec','admin','getCount','/system/role/getCount','{\"roleId\":[\"a67af9f88e424225585b37a193b561d5\"]}','2019-09-12 10:03:49'),('86004bbee84ce410678971bc3931dccd','admin','list','/system/menu/list/1','{\"p\":[\"5d283766dbe1b250926904ea6339900d\"],\"t\":[\"47d8f55290f7de0582228aaf38089243\"]}','2019-09-11 22:50:35'),('866974eaaab9e44166c213ca6b4891e8','admin','auth','/system/role/auth/a67af9f88e424225585b37a193b561d5','{}','2019-09-11 22:18:27'),('870ec9f0fa904882303ac5eb5ef6fe15','admin','auth','/system/role/auth/a67af9f88e424225585b37a193b561d5','{}','2019-09-11 22:15:15'),('8730fe9d2db969cb2f4ff4407a7e4691','admin','add','/system/user/add','{}','2019-09-11 21:50:53'),('8832b26a2bfbc403d4e34c70b777a177','admin','list','/system/user/list/1','{\"p\":[\"5d283766dbe1b250926904ea6339900d\"],\"t\":[\"8bb1552c916f4ca7145d905b5eadf9b1\"]}','2019-09-12 10:19:03'),('884f8c318cdaf16c7f7fcc0a5223415b','admin','updateUser','/system/me/updateUser','{\"id\":[\"b51da60b6fa2843ad4068798c9b5f5f3\"],\"userName\":[\"admin\"],\"avatar\":[\"/upload/2019-09-16/8yoeuwoh1matqskv0pmokuxxiaxsleri.jpg\"],\"file\":[\"\"]}','2019-09-16 23:31:57'),('8875deda6645f0158752ab3c1b5785fa','admin','list','/system/role/list/1','{\"p\":[\"5d283766dbe1b250926904ea6339900d\"],\"t\":[\"1101aca29a9dbe0a9e6eb03fe72abb0d\"]}','2019-09-11 22:17:52'),('88a668b1b76abb737de2fb6379e6a988','admin','getCount','/system/role/getCount','{\"roleId\":[\"a67af9f88e424225585b37a193b561d5\"]}','2019-09-12 10:18:57'),('88e0b3e99a592d27aa324aacb0d260ee','admin','list','/system/role/list/1','{\"p\":[\"5d283766dbe1b250926904ea6339900d\"],\"t\":[\"1101aca29a9dbe0a9e6eb03fe72abb0d\"]}','2019-09-11 22:03:40'),('8a8ab2384c91a663f14f7064d4fb589e','admin','用户登录成功','/login/doLogin','','2019-09-05 12:42:20'),('8aacdf35e0a52636422430ad84c8a4ab','admin','list','/system/log/list/1','{\"p\":[\"5d283766dbe1b250926904ea6339900d\"],\"t\":[\"a3fbf503038050a8f64ccdca21115b1a\"]}','2019-09-18 23:11:44'),('8bf190a039b0ccf3e89bb16cb6c1e3dd','admin','用户登录成功','/login/doLogin','','2019-09-07 17:37:52'),('8c5d3642eba680513a4cdc91f1bf5eaf','admin','getCount','/system/role/getCount','{\"roleId\":[\"a67af9f88e424225585b37a193b561d5\"]}','2019-09-11 22:17:53'),('8cbd128c08348b975f232ed4f3f558f5','admin','用户登录成功','/login/doLogin','','2019-09-10 21:49:11'),('8d248933d13bb98578bed8e5e7bd5b5b','admin','list','/system/role/list/1','{\"p\":[\"5d283766dbe1b250926904ea6339900d\"],\"t\":[\"1101aca29a9dbe0a9e6eb03fe72abb0d\"]}','2019-09-18 23:09:05'),('8dbdc1aa6638cf7548acdfeb8e36cd69','admin','add','/system/user/add','{}','2019-09-11 21:51:57'),('8ded74172aa2c08e3ce1b616a799e836','admin','auth','/system/role/auth/a67af9f88e424225585b37a193b561d5','{}','2019-09-11 22:44:04'),('8e038c008ff9bc110a567a0b49748d02','admin','getCount','/system/role/getCount','{\"roleId\":[\"a67af9f88e424225585b37a193b561d5\"]}','2019-09-11 22:05:24'),('8f4728f296acc449217ee38268bcbda6','admin','info','/system/me/info','{}','2019-09-16 23:42:29'),('8f827465ef73e239f2f7220afa9184b5','admin','getCount','/system/role/getCount','{\"roleId\":[\"a67af9f88e424225585b37a193b561d5\"]}','2019-09-18 23:09:06'),('8fbef06475d3b241d4eae9f96e73d266','admin','用户登录成功','/login/doLogin','','2019-09-08 01:22:07'),('9079e5f59e0f15e00a119ef72e0e3420','admin','用户登录成功','/login/doLogin','','2019-09-05 20:54:10'),('924381c6500387f09a57e940532d1afd','admin','list','/system/role/list/1','{\"p\":[\"5d283766dbe1b250926904ea6339900d\"],\"t\":[\"1101aca29a9dbe0a9e6eb03fe72abb0d\"]}','2019-09-11 22:18:32'),('92585f7f941870317b40385fb055448f','admin','getCount','/system/role/getCount','{\"roleId\":[\"9ee1ce4205ebe6b549a221827d46d1fe\"]}','2019-09-18 23:11:00'),('9267e7b66f60f8b6aa5a61cf0b45faa9','admin','用户登录成功','/login/doLogin','','2019-09-07 11:35:24'),('937c02ff5591bcfecd8ab4caee9c37b6','admin','用户登录成功','/login/doLogin','','2019-09-05 21:55:43'),('93d0d1e9cf1903cb9cc1bcc736c726be','admin','list','/system/menu/list/1','{\"p\":[\"5d283766dbe1b250926904ea6339900d\"],\"t\":[\"47d8f55290f7de0582228aaf38089243\"]}','2019-09-12 09:48:27'),('93e151b7b15585204af1d222bea70c3b','admin','add','/system/user/add','{}','2019-09-11 22:15:46'),('941e4916007af08d43700635d34048eb','admin','用户登录成功','/login/doLogin','','2019-09-07 21:36:25'),('9550980608821bb1df4f4c7700640ec3','admin','doAdd','/system/role/doAdd','{\"roleName\":[\"TestRole1\"],\"roleDesc\":[\"test1\"],\"roleStatus\":[\"0\"]}','2019-09-18 23:08:00'),('95d43e0dd2aca4552afe492ce8203b73','admin','用户登录成功','/login/doLogin','','2019-09-08 00:04:47'),('9670b0cbaa23aa4a31f7284f4d78f167','admin','用户登录成功','/login/doLogin','','2019-09-08 00:19:37'),('97421cdee6ccf576704f4c7a5f311d96','admin','list','/system/user/list/1','{\"p\":[\"5d283766dbe1b250926904ea6339900d\"],\"t\":[\"8bb1552c916f4ca7145d905b5eadf9b1\"]}','2019-09-18 22:57:41'),('979c516527cd452c5b60c2ca86f890d4','admin','list','/system/role/list/1','{\"p\":[\"5d283766dbe1b250926904ea6339900d\"],\"t\":[\"1101aca29a9dbe0a9e6eb03fe72abb0d\"]}','2019-09-12 10:02:18'),('9912aec4393b37c660e7c0002b1e01c6','admin','doAdd','/system/user/doAdd','{\"userName\":[\"test\"],\"deptId\":[\"\"],\"password\":[\"123456\"],\"password2\":[\"123456\"],\"userDesc\":[\"test user\"],\"userStatus\":[\"1\"],\"roleId[]\":[\"a67af9f88e424225585b37a193b561d5\"]}','2019-09-11 21:51:33'),('9916900643a2bfcdd850c2000797d790','admin','auth','/system/role/auth/a67af9f88e424225585b37a193b561d5','{}','2019-09-11 21:54:56'),('99ccf69b81f95e55abe1174610e0af88','admin','用户登录成功','/login/doLogin','','2019-09-08 00:26:36'),('99db0d5ead30f9d07436799977b1c280','admin','list','/system/log/list/1','{}','2019-09-11 22:19:30'),('9a5c608eb36c03971cec09d03b960ce6','admin','用户登录成功','/login/doLogin','','2019-09-07 23:50:21'),('9a83b73c1a64df38dd95754a9bf815d1','admin','用户登录成功','/login/doLogin','','2019-09-07 23:48:27'),('9c090efa9d13da38fbf31f9e31c55f61','admin','执行用户登录','/login/doLogin','{\"return_url\":[\"\"],\"userName\":[\"admin\"],\"password\":[\"123456\"]}','2019-09-16 23:31:29'),('9cad71ebd4b7eca7c8977414be289a36','admin','getCount','/system/role/getCount','{\"roleId\":[\"401065a5483ae6c8bbcd32f0cec1792d\"]}','2019-09-18 23:09:06'),('9d2e8b857b321071b065673f28bbacdc','admin','edit','/system/user/edit/0cf40d0083a91221fcf38b72bf23d2e2','{}','2019-09-18 22:57:08'),('9ea2b997c5c25921f000f6a38bd65e70','admin','用户登录成功','/login/doLogin','','2019-09-05 22:57:30'),('9edf37aa19cc6c238d543501a4576a6b','admin','doEdit','/system/role/doEdit','{\"id\":[\"401065a5483ae6c8bbcd32f0cec1792d\"],\"roleName\":[\"TestRole1\"],\"roleDesc\":[\"test1\"],\"roleStatus\":[\"0\"]}','2019-09-18 23:09:37'),('9f23fb57b61973a5829d96d8105a5222','admin','getCount','/system/role/getCount','{\"roleId\":[\"a67af9f88e424225585b37a193b561d5\"]}','2019-09-11 22:09:56'),('a02c099020ed4d53046317b6022fc91a','admin','执行用户登录','/login/doLogin','{\"return_url\":[\"\"],\"userName\":[\"admin\"],\"password\":[\"123456\"]}','2019-09-16 23:43:40'),('a060e14c343ed41320e2612470c46dbf','admin','getCount','/system/role/getCount','{\"roleId\":[\"a67af9f88e424225585b37a193b561d5\"]}','2019-09-11 22:50:30'),('a0bd0e6f8302ff7cc7cbfcea4b2b1e7d','admin','list','/system/role/list/1','{\"p\":[\"5d283766dbe1b250926904ea6339900d\"],\"t\":[\"1101aca29a9dbe0a9e6eb03fe72abb0d\"]}','2019-09-18 23:11:46'),('a14d590979e278de5a2566fded2784f3','admin','getCount','/system/role/getCount','{\"roleId\":[\"a67af9f88e424225585b37a193b561d5\"]}','2019-09-11 21:54:53'),('a20c3a8b86675a4c15fe9070a0c4615d','admin','getCount','/system/role/getCount','{\"roleId\":[\"a67af9f88e424225585b37a193b561d5\"]}','2019-09-12 09:55:36'),('a2715ad7270c1f5c270bb15cd156a3eb','admin','list','/system/user/list/1','{\"p\":[\"5d283766dbe1b250926904ea6339900d\"],\"t\":[\"8bb1552c916f4ca7145d905b5eadf9b1\"]}','2019-09-11 21:51:49'),('a33e3d50310935c07739c573021e5681','admin','list','/system/user/list/1','{\"p\":[\"5d283766dbe1b250926904ea6339900d\"],\"t\":[\"8bb1552c916f4ca7145d905b5eadf9b1\"]}','2019-09-18 23:11:40'),('a4493f2d845963f20b0c4888937fe219','admin','list','/system/user/list/1','{\"p\":[\"5d283766dbe1b250926904ea6339900d\"],\"t\":[\"8bb1552c916f4ca7145d905b5eadf9b1\"]}','2019-09-11 22:50:41'),('a493098b3f89a8fdf0277136abc793df','admin','list','/system/log/list/1','{\"p\":[\"5d283766dbe1b250926904ea6339900d\"],\"t\":[\"a3fbf503038050a8f64ccdca21115b1a\"]}','2019-09-12 09:48:25'),('a537ffff357c29c9efd2b48d6b8b9c04','admin','page','/system/setting/page','{\"p\":[\"5d283766dbe1b250926904ea6339900d\"],\"t\":[\"e1d14917b7d5d7acb5aba5bd38b68d36\"]}','2019-09-12 09:48:34'),('a58bddcd4ed72a1aa98f0271d9e72bd8','admin','用户登录成功','/login/doLogin','','2019-09-06 10:33:14'),('a62b679f4bf7e25365bfbe85dd4532b8','admin','用户登录成功','/login/doLogin','','2019-09-11 09:31:11'),('a64f7d9fd2439227b7f78cdfbce46d52','admin','用户登录成功','/login/doLogin','','2019-09-07 17:58:59'),('a7453f522948e87f809c983e12b3d116','admin','list','/system/log/list/1','{}','2019-09-11 22:25:40'),('a776bca7730193fa815ac0032037d77c','admin','list','/system/menu/list/1','{\"p\":[\"5d283766dbe1b250926904ea6339900d\"],\"t\":[\"47d8f55290f7de0582228aaf38089243\"]}','2019-09-18 23:11:31'),('a82fa46ace7433b5e1647ead3282a2b5','admin','执行用户登录','/login/doLogin','{\"return_url\":[\"\"],\"userName\":[\"admin\"],\"password\":[\"123456\"]}','2019-09-12 09:55:20'),('a85dce3e38dd4e11e6cd319ad329fb61','admin','getCount','/system/role/getCount','{\"roleId\":[\"a67af9f88e424225585b37a193b561d5\"]}','2019-09-18 22:58:02'),('a861610f6cec94015dbd7302b1a4eee5','admin','list','/system/user/list/1','{\"p\":[\"5d283766dbe1b250926904ea6339900d\"],\"t\":[\"8bb1552c916f4ca7145d905b5eadf9b1\"]}','2019-09-12 10:19:55'),('a8800f5c693916693a20cf372a25f14f','admin','执行用户登录','/login/doLogin','{\"return_url\":[\"\"],\"userName\":[\"admin\"],\"password\":[\"123456\"]}','2019-09-12 09:48:05'),('a8b5849892c846a9e2b5af84285e1df6','admin','getCount','/system/role/getCount','{\"roleId\":[\"a67af9f88e424225585b37a193b561d5\"]}','2019-09-11 22:18:37'),('a9a5e2b0fe2616216599aa0a394cbfaa','admin','info','/system/me/info','{}','2019-09-16 23:42:21'),('a9c246150f925a5f7c48c5831619f416','admin','用户登录成功','/login/doLogin','','2019-09-10 22:17:00'),('aa11a1891fab3fb08b2cd735179898ab','admin','doAuth','/system/role/doAuth','{\"roleId\":[\"a67af9f88e424225585b37a193b561d5\"],\"mid[]\":[\"5d283766dbe1b250926904ea6339900d\",\"8bb1552c916f4ca7145d905b5eadf9b1\",\"7174826bfcb81a907b4c6c7baf85fafa\",\"2fdc10b0c62f1602e08acacbc7aa78ca\",\"89ee44bb6c3390ce278e9cb032404e6a\",\"900c34599d28933db44de2fcc4a2db17\",\"1101aca29a9dbe0a9e6eb03fe72abb0d\",\"623704459748f4ca30690968074a3619\",\"f0c42cfe187698b3d0bb75c75780d0ed\",\"8ad25d30078368b12f69fdaefac1456d\",\"452154c770b1d29d1d7289db1f200c21\",\"a9caf91bd3ad7249787e5bfc13454f7b\",\"32c7724ad38e746fb52a6b882137e9cb\",\"47d8f55290f7de0582228aaf38089243\",\"420d72eb74ade02390e9a2c131577031\",\"ca8e1246414013e2a7a9a3b89f17ff20\",\"8378178f752982e3f61641f19bde153d\",\"3ba2695bb7f934d2ff36ba450a9d6a3d\",\"e1d14917b7d5d7acb5aba5bd38b68d36\",\"62f9244a76a3181acdbeb4f23f97b485\",\"6d2b8caf3c59cf9101fe86bdd0f12806\",\"28521bb4e1e11d1784b4f212282e13f0\",\"8cdf6177816ab9c7522711c2f7cbfc0d\"]}','2019-09-12 10:18:49'),('aa2056366e1ee42f8bec7c580b51779a','admin','list','/system/monitor/list','{\"p\":[\"5d283766dbe1b250926904ea6339900d\"],\"t\":[\"28521bb4e1e11d1784b4f212282e13f0\"]}','2019-09-11 22:21:57'),('aab32a168b8c7cc37d4d1bca64d5f863','admin','getCount','/system/role/getCount','{\"roleId\":[\"a67af9f88e424225585b37a193b561d5\"]}','2019-09-12 09:48:23'),('aaea5b432343691538f8f99b7d361b9d','admin','用户登录成功','/login/doLogin','','2019-09-07 17:56:03'),('acdf9560b6e7a4c9f3656964fb76b207','admin','执行用户登录','/login/doLogin','{\"return_url\":[\"\"],\"userName\":[\"admin\"],\"password\":[\"123456\"]}','2019-09-12 09:58:28'),('ace7b2d85dd3eff63ddc06501710ea75','admin','list','/system/role/list/1','{\"p\":[\"5d283766dbe1b250926904ea6339900d\"],\"t\":[\"1101aca29a9dbe0a9e6eb03fe72abb0d\"]}','2019-09-12 10:18:43'),('adf3f03c15ec8f3ed20f43bd7620c042','admin','用户登录成功','/login/doLogin','','2019-09-11 09:26:36'),('ae30b7dead15649c540340ed11b42c9f','admin','list','/system/role/list/1','{\"p\":[\"5d283766dbe1b250926904ea6339900d\"],\"t\":[\"1101aca29a9dbe0a9e6eb03fe72abb0d\"]}','2019-09-12 09:55:31'),('aea3c9311941d1966d43a7ca34201f3a','admin','auth','/system/role/auth/a67af9f88e424225585b37a193b561d5','{}','2019-09-11 21:57:43'),('aeca7b0370d4261e861c848f85a4264b','admin','list','/system/role/list/1','{\"p\":[\"5d283766dbe1b250926904ea6339900d\"],\"t\":[\"1101aca29a9dbe0a9e6eb03fe72abb0d\"]}','2019-09-11 22:15:26'),('aeea7da20e0b5296b3b7e3a853a292ab','admin','getCount','/system/role/getCount','{\"roleId\":[\"a67af9f88e424225585b37a193b561d5\"]}','2019-09-12 10:18:50'),('aef15e691e7d1dd255f809e0d1400308','admin','deleteBatch','/system/role/deleteBatch','{\"id[]\":[\"9ee1ce4205ebe6b549a221827d46d1fe\",\"401065a5483ae6c8bbcd32f0cec1792d\"]}','2019-09-18 23:11:20'),('af2a7724807f1a12982b79496d273ad9','admin','用户登录成功','/login/doLogin','','2019-09-05 19:53:18'),('b005438fbd067dbcf5425fd3765ca0d8','admin','用户登录成功','/login/doLogin','','2019-09-05 21:43:29'),('b04a4f4399296270a436c61f3c390c4c','admin','用户登录成功','/login/doLogin','','2019-09-10 22:25:06'),('b0793ed6dd5c830750bd0743eaeda303','admin','用户登录成功','/login/doLogin','','2019-09-07 17:23:07'),('b21de214988a63f8740b678c4981d0f4','admin','doAuth','/system/role/doAuth','{\"roleId\":[\"a67af9f88e424225585b37a193b561d5\"],\"mid[]\":[\"5d283766dbe1b250926904ea6339900d\",\"8bb1552c916f4ca7145d905b5eadf9b1\",\"7174826bfcb81a907b4c6c7baf85fafa\",\"1101aca29a9dbe0a9e6eb03fe72abb0d\",\"623704459748f4ca30690968074a3619\",\"f0c42cfe187698b3d0bb75c75780d0ed\",\"8ad25d30078368b12f69fdaefac1456d\",\"452154c770b1d29d1d7289db1f200c21\",\"a9caf91bd3ad7249787e5bfc13454f7b\",\"32c7724ad38e746fb52a6b882137e9cb\",\"47d8f55290f7de0582228aaf38089243\",\"62f9244a76a3181acdbeb4f23f97b485\",\"6d2b8caf3c59cf9101fe86bdd0f12806\",\"420d72eb74ade02390e9a2c131577031\",\"ca8e1246414013e2a7a9a3b89f17ff20\",\"8378178f752982e3f61641f19bde153d\",\"3ba2695bb7f934d2ff36ba450a9d6a3d\",\"a3fbf503038050a8f64ccdca21115b1a\",\"e1d14917b7d5d7acb5aba5bd38b68d36\",\"28521bb4e1e11d1784b4f212282e13f0\",\"8cdf6177816ab9c7522711c2f7cbfc0d\"]}','2019-09-11 22:15:26'),('b2434823491999ed00e2011555c25582','admin','用户登录成功','/login/doLogin','','2019-09-08 00:03:00'),('b31bf569474226f00316916d9c6deeac','admin','doEdit','/system/menu/doEdit','{\"id\":[\"5d283766dbe1b250926904ea6339900d\"],\"code\":[\"01\"],\"menuName\":[\"系统管理\"],\"sort\":[\"1\"],\"icon\":[\"fa fa-cogs\"]}','2019-09-18 23:11:31'),('b33cf4e569279958c89a2613b35d93b2','admin','auth','/system/role/auth/a67af9f88e424225585b37a193b561d5','{}','2019-09-12 09:48:14'),('b369de800a8af0ddcf43652bcb0a97ef','admin','用户登录成功','/login/doLogin','','2019-09-11 09:00:43'),('b390b4a7f2ab7e5ee28a78282d00f05d','admin','getCount','/system/role/getCount','{\"roleId\":[\"9ee1ce4205ebe6b549a221827d46d1fe\"]}','2019-09-18 23:09:33'),('b3fe6f64b4a2e7ac6bc22ee95fd7e37c','admin','checkName','/system/user/checkName','{\"userName\":[\"test\"]}','2019-09-11 21:51:33'),('b457bba488688c82a5a46ae53c66283c','admin','list','/system/log/list/1','{\"p\":[\"5d283766dbe1b250926904ea6339900d\"],\"t\":[\"a3fbf503038050a8f64ccdca21115b1a\"]}','2019-09-11 22:09:30'),('b6aad6308496aad666c01cb6dd0e5235','admin','执行用户登录','/login/doLogin','{\"return_url\":[\"\"],\"userName\":[\"admin\"],\"password\":[\"123456\"]}','2019-09-11 22:17:21'),('b6daac3957ce528b7d457788797c9ceb','admin','updateUser','/system/me/updateUser','{\"id\":[\"b51da60b6fa2843ad4068798c9b5f5f3\"],\"userName\":[\"admin\"],\"avatar\":[\"/upload/2019-09-16/kt70fxz4tydl3ldhofbzmnuneo2uqua0.jpg\"],\"file\":[\"\"]}','2019-09-16 23:42:21'),('b6ec4a5e736f8b95f8c84e69cfd479e7','admin','info','/system/me/info','{}','2019-09-16 23:31:32'),('b7e94b0d62288c9c85c0f99647973154','admin','add','/system/role/add','{}','2019-09-18 23:08:57'),('b811403f318efb82739c56cad356753a','admin','doAdd','/system/role/doAdd','{\"roleName\":[\"test2\"],\"roleDesc\":[\"teset3234\"],\"roleStatus\":[\"0\"]}','2019-09-18 23:09:05'),('b82c30a6bc0d466b6fe8b6b0df6b5657','admin','用户登录成功','/login/doLogin','','2019-09-07 23:37:32'),('bb3bfd1e6d51a7afb276f919265a8d15','admin','用户登录成功','/login/doLogin','','2019-09-10 22:05:50'),('bb9f8952bcb767c31f756fb8f47ca5a3','admin','list','/system/role/list/1','{\"p\":[\"5d283766dbe1b250926904ea6339900d\"],\"t\":[\"1101aca29a9dbe0a9e6eb03fe72abb0d\"]}','2019-09-11 22:50:30'),('bba06e2f1e5e5afc7aa19111b61e1e09','admin','edit','/system/role/edit/9ee1ce4205ebe6b549a221827d46d1fe','{}','2019-09-18 23:09:31'),('bc76c02e93a3d14b529c282189ec3f60','admin','getCount','/system/role/getCount','{\"roleId\":[\"9ee1ce4205ebe6b549a221827d46d1fe\"]}','2019-09-18 23:09:37'),('bd25249dae78ab299d68a8d7d3208e73','admin','doEdit','/system/role/doEdit','{\"id\":[\"a67af9f88e424225585b37a193b561d5\"],\"roleName\":[\"SuperGroup\"],\"roleDesc\":[\"超级管理员\"],\"roleState\":[\"1\"]}','2019-09-18 22:57:52'),('bd452c69f196453e3f81985f7a5d87ec','admin','list','/system/role/list/1','{\"p\":[\"5d283766dbe1b250926904ea6339900d\"],\"t\":[\"1101aca29a9dbe0a9e6eb03fe72abb0d\"]}','2019-09-12 09:48:19'),('bd5ce4ad56a13089bbe00e5637a168e1','admin','page','/system/setting/page','{\"p\":[\"5d283766dbe1b250926904ea6339900d\"],\"t\":[\"e1d14917b7d5d7acb5aba5bd38b68d36\"]}','2019-09-11 22:09:47'),('be7efb682857912a7744bb7c56d8b139','admin','params','/system/log/params/402e887d7e3490c650329adca17b6a64','{}','2019-09-11 22:12:04'),('be84b45af4db112bc973e5811c4e86af','admin','doEdit','/system/role/doEdit','{\"id\":[\"9ee1ce4205ebe6b549a221827d46d1fe\"],\"roleName\":[\"test2\"],\"roleDesc\":[\"teset3234\"],\"roleStatus\":[\"0\"]}','2019-09-18 23:09:33'),('bf9a77a5da8f99e9fdd0002cb015bb98','admin','执行用户登录','/login/doLogin','{\"return_url\":[\"\"],\"userName\":[\"admin\"],\"password\":[\"123456\"]}','2019-09-11 22:03:34'),('bffbd3cfeea18f8a2c6fbc78c0282e77','admin','list','/system/role/list/1','{\"p\":[\"5d283766dbe1b250926904ea6339900d\"],\"t\":[\"1101aca29a9dbe0a9e6eb03fe72abb0d\"]}','2019-09-12 09:55:34'),('c004322aeac9340ab4bf8d232cf4d7f3','admin','info','/system/me/info','{}','2019-09-16 23:42:12'),('c02a4cd5bc8b26c3275a509a2c2e0990','admin','用户登录成功','/login/doLogin','','2019-09-07 17:34:25'),('c04a17e784773dc66d15587f4ba65d72','admin','info','/system/me/info','{}','2019-09-16 23:33:24'),('c1bf3cfaa5a497ff79a39608afcf8cdf','admin','getCount','/system/role/getCount','{\"roleId\":[\"a67af9f88e424225585b37a193b561d5\"]}','2019-09-11 22:18:04'),('c264329535cf1332ee9f059f620d42a9','admin','用户登录成功','/login/doLogin','','2019-09-05 22:07:18'),('c27b1601b47400f5658c15ac0f41e91c','admin','list','/system/user/list/1','{\"p\":[\"5d283766dbe1b250926904ea6339900d\"],\"t\":[\"8bb1552c916f4ca7145d905b5eadf9b1\"]}','2019-09-11 22:17:24'),('c33427cd32d7e6c595b396e64024d0af','admin','getCount','/system/role/getCount','{\"roleId\":[\"a67af9f88e424225585b37a193b561d5\"]}','2019-09-11 22:15:09'),('c4312979fbce35ef342fdb0a7f0fb30e','admin','info','/system/me/info','{}','2019-09-16 23:33:26'),('c4d1cae6b9c8267dd5e1f243e437648b','admin','list','/system/user/list/1','{\"p\":[\"5d283766dbe1b250926904ea6339900d\"],\"t\":[\"8bb1552c916f4ca7145d905b5eadf9b1\"]}','2019-09-11 22:50:33'),('c6ee9f55cf1962559528ff4049576211','admin','getCount','/system/role/getCount','{\"roleId\":[\"a67af9f88e424225585b37a193b561d5\"]}','2019-09-12 10:01:14'),('c705fb3d21ea9f18a4d33f2c73d98ee5','admin','用户登录成功','/login/doLogin','','2019-09-08 00:15:30'),('c85da2986f0246056656d6a61aef004a','admin','用户登录成功','/login/doLogin','','2019-09-05 12:44:05'),('c892ee43e2a3009670a980430ab747cc','admin','list','/system/log/list/1','{\"p\":[\"5d283766dbe1b250926904ea6339900d\"],\"t\":[\"a3fbf503038050a8f64ccdca21115b1a\"]}','2019-09-11 22:09:34'),('c894aa57b3d9e0c77d04bd7bcba44b18','admin','执行用户登录','/login/doLogin','{\"return_url\":[\"\"],\"userName\":[\"admin\"],\"password\":[\"123456\"]}','2019-09-12 09:49:07'),('cad9ddb7adad0bb2697276d9e387b480','admin','edit','/system/role/edit/401065a5483ae6c8bbcd32f0cec1792d','{}','2019-09-18 23:09:35'),('cd00bcebd3330374f4fa79e198a86558','admin','auth','/system/role/auth/a67af9f88e424225585b37a193b561d5','{}','2019-09-11 22:22:02'),('cd109aa9f3ed1026a021c64ac63925f2','admin','info','/system/me/info','{}','2019-09-16 23:42:28'),('ce115004f583f9cfbcd3769a13b0cb60','admin','list','/system/log/list/1','{\"p\":[\"5d283766dbe1b250926904ea6339900d\"],\"t\":[\"a3fbf503038050a8f64ccdca21115b1a\"]}','2019-09-11 19:38:57'),('ce8e5baff9f214b4b0344eb46a3a06b8','admin','用户登录成功','/login/doLogin','','2019-09-11 09:46:09'),('cef10833dbd19855d27ec792ec3db5ea','admin','list','/system/role/list/1','{\"p\":[\"5d283766dbe1b250926904ea6339900d\"],\"t\":[\"1101aca29a9dbe0a9e6eb03fe72abb0d\"]}','2019-09-12 09:55:24'),('cf9d3755f86f859c752edd4bd749b2b8','admin','list','/system/log/list/1','{\"p\":[\"5d283766dbe1b250926904ea6339900d\"],\"t\":[\"a3fbf503038050a8f64ccdca21115b1a\"]}','2019-09-18 23:11:33'),('d068b0ee138bd9fb3156021faa49258c','admin','list','/system/user/list/1','{\"p\":[\"5d283766dbe1b250926904ea6339900d\"],\"t\":[\"8bb1552c916f4ca7145d905b5eadf9b1\"]}','2019-09-11 22:15:34'),('d0f5a86cf71b559b9f4650df155147f8','admin','getCount','/system/role/getCount','{\"roleId\":[\"a67af9f88e424225585b37a193b561d5\"]}','2019-09-12 09:48:20'),('d139d616a206435cbea09c4a508199e3','admin','doEdit','/system/user/doEdit','{\"id\":[\"0cf40d0083a91221fcf38b72bf23d2e2\"],\"userName\":[\"test\"],\"password\":[\"\"],\"confpwd\":[\"\"],\"userDesc\":[\"test user 111\"],\"userStatus\":[\"0\"],\"roleId[]\":[\"a67af9f88e424225585b37a193b561d5\"]}','2019-09-18 22:57:25'),('d1479e36863684fb0c8b9d98abdf2c93','admin','getCount','/system/role/getCount','{\"roleId\":[\"a67af9f88e424225585b37a193b561d5\"]}','2019-09-12 10:04:10'),('d25756dcb4edd85e87b99e90e5ab3cb5','admin','info','/system/me/info','{}','2019-09-16 23:42:25'),('d2976df60061a92fb8b3b7db0783c0cd','admin','doEdit','/system/user/doEdit','{\"id\":[\"0cf40d0083a91221fcf38b72bf23d2e2\"],\"userName\":[\"test\"],\"deptId\":[\"\"],\"password\":[\"\"],\"confpwd\":[\"\"],\"userDesc\":[\"test user\"],\"userStatus\":[\"0\"],\"roleId[]\":[\"a67af9f88e424225585b37a193b561d5\"]}','2019-09-11 21:51:49'),('d3207cec33396f8beafdedbe65dd05f0','admin','edit','/system/role/edit/a67af9f88e424225585b37a193b561d5','{}','2019-09-12 09:48:12'),('d433d29d253eb8efeb8e10d5df1ed0ad','admin','执行用户登录','/login/doLogin','{\"return_url\":[\"\"],\"userName\":[\"admin\"],\"password\":[\"123456\"]}','2019-09-18 23:07:48'),('d4634e1a3ca989a6a0fce4b4729ffe0e','admin','getCount','/system/role/getCount','{\"roleId\":[\"a67af9f88e424225585b37a193b561d5\"]}','2019-09-18 23:11:46'),('d5e09b139fdba02238bbe62dee729c74','admin','list','/system/role/list/1','{\"p\":[\"5d283766dbe1b250926904ea6339900d\"],\"t\":[\"1101aca29a9dbe0a9e6eb03fe72abb0d\"]}','2019-09-18 22:58:02'),('d62664f5fded250a58065d5b140070d9','admin','执行用户登录','/login/doLogin','{\"return_url\":[\"\"],\"userName\":[\"admin\"],\"password\":[\"123456\"]}','2019-09-16 23:42:09'),('d64c6ca3d8452a32783639d8b6e6dd7d','admin','getCount','/system/role/getCount','{\"roleId\":[\"a67af9f88e424225585b37a193b561d5\"]}','2019-09-18 22:57:52'),('d6aae278772a4ae880cd5d85f5c53311','admin','getCount','/system/role/getCount','{\"roleId\":[\"a67af9f88e424225585b37a193b561d5\"]}','2019-09-12 09:55:24'),('d6d13bd68aceb9b254fe95a7f6ed2f8f','admin','用户登录成功','/login/doLogin','','2019-09-07 21:52:00'),('d773e8ec93fce9f664b8127230fc4318','admin','getCount','/system/role/getCount','{\"roleId\":[\"a67af9f88e424225585b37a193b561d5\"]}','2019-09-18 23:01:54'),('d7ad672e5105cfc4a7e30e87aca3c465','admin','getCount','/system/role/getCount','{\"roleId\":[\"a67af9f88e424225585b37a193b561d5\"]}','2019-09-12 09:48:39'),('d7e8097cfa31b8c90a03c812826882fc','admin','用户登录成功','/login/doLogin','','2019-09-11 09:33:52'),('d8a500d186cbc6675379a8a6635e7b23','admin','list','/system/role/list/1','{\"p\":[\"5d283766dbe1b250926904ea6339900d\"],\"t\":[\"1101aca29a9dbe0a9e6eb03fe72abb0d\"]}','2019-09-11 22:10:35'),('da636430c6ac334b66f67dacadeadde3','admin','getCount','/system/role/getCount','{\"roleId\":[\"a67af9f88e424225585b37a193b561d5\"]}','2019-09-12 10:19:17'),('da6fba4145e1434f30758e05b5ff720e','admin','list','/system/role/list/1','{\"p\":[\"5d283766dbe1b250926904ea6339900d\"],\"t\":[\"1101aca29a9dbe0a9e6eb03fe72abb0d\"]}','2019-09-18 23:11:00'),('da767bd055eb3e802108b020ca1cbd44','admin','用户登录成功','/login/doLogin','','2019-09-10 22:21:41'),('daee3c6aa7a647a0fd2bb82f9e1e5d4d','admin','list','/system/role/list/1','{\"p\":[\"5d283766dbe1b250926904ea6339900d\"],\"t\":[\"1101aca29a9dbe0a9e6eb03fe72abb0d\"]}','2019-09-12 10:19:04'),('db006aef2641068d077473406716bf2a','admin','list','/system/log/list/1','{\"p\":[\"5d283766dbe1b250926904ea6339900d\"],\"t\":[\"a3fbf503038050a8f64ccdca21115b1a\"]}','2019-09-11 22:25:27'),('dba9364fca594fda3d6195b0eb2964dc','admin','list','/system/log/list/1','{\"p\":[\"5d283766dbe1b250926904ea6339900d\"],\"t\":[\"a3fbf503038050a8f64ccdca21115b1a\"]}','2019-09-11 22:50:37'),('dbc3d2fa7869b55fb01d001efbcd52ee','admin','edit','/system/role/edit/a67af9f88e424225585b37a193b561d5','{}','2019-09-11 22:09:21'),('dc53e06375576c6c87b939da84603d66','admin','getCount','/system/role/getCount','{\"roleId\":[\"a67af9f88e424225585b37a193b561d5\"]}','2019-09-12 10:19:04'),('dcbfb84883f5e588b3092c21f94a5e7d','admin','getCount','/system/role/getCount','{\"roleId\":[\"a67af9f88e424225585b37a193b561d5\"]}','2019-09-12 10:01:09'),('dd9e69f6c51f74c8750eb55a7c99b7a6','admin','用户登录成功','/login/doLogin','','2019-09-07 17:42:58'),('dde6189f70b5fe7b4d74de0b0de3040e','admin','list','/system/monitor/list','{\"p\":[\"5d283766dbe1b250926904ea6339900d\"],\"t\":[\"28521bb4e1e11d1784b4f212282e13f0\"]}','2019-09-11 19:38:55'),('de136433c00b542bbc0f00912bb5820b','admin','用户登录成功','/login/doLogin','','2019-09-07 17:33:24'),('de1eef32707de62a99f87fb4d534137b','admin','checkName','/system/user/checkName','{\"userName\":[\"test2\"]}','2019-09-11 21:52:17'),('deeb9f34927744f1a75694d8263e6776','admin','用户登录成功','/login/doLogin','','2019-09-05 21:36:55'),('defbd8ea8c72557062a5e87375aefe94','admin','edit','/system/user/edit/0cf40d0083a91221fcf38b72bf23d2e2','{}','2019-09-11 21:51:43'),('dfe9451e1ca4b4904ea349ebcb8cdb73','admin','list','/system/role/list/1','{\"p\":[\"5d283766dbe1b250926904ea6339900d\"],\"t\":[\"1101aca29a9dbe0a9e6eb03fe72abb0d\"]}','2019-09-12 10:18:49'),('e045bab46a630bcbb7e75e4c4a5fed6b','admin','用户登录成功','/login/doLogin','','2019-09-07 23:53:48'),('e38fcc014c04e502ff872910ecce9da1','admin','getCount','/system/role/getCount','{\"roleId\":[\"a67af9f88e424225585b37a193b561d5\"]}','2019-09-18 23:09:33'),('e3bdfe6e06ae895858cc1f13b1ab7a6e','admin','用户登录成功','/login/doLogin','','2019-09-05 20:29:55'),('e403e06d02bce3e3175107c1e5d13611','admin','用户登录成功','/login/doLogin','','2019-09-11 09:07:21'),('e4a0f5d15d882805de4e15254b2d0b55','admin','执行用户登录','/login/doLogin','{\"return_url\":[\"\"],\"userName\":[\"admin\"],\"password\":[\"123456\"]}','2019-09-18 23:01:50'),('e5acb7d6a41d1322b48f1e1b98cd3efd','admin','doEdit','/system/role/doEdit','{\"id\":[\"401065a5483ae6c8bbcd32f0cec1792d\"],\"roleName\":[\"TestRole1\"],\"roleDesc\":[\"test123\"],\"roleStatus\":[\"1\"]}','2019-09-18 23:11:07'),('e6483162c2ef7cdab4c545b4604ad48a','admin','list','/system/role/list/1','{\"p\":[\"5d283766dbe1b250926904ea6339900d\"],\"t\":[\"1101aca29a9dbe0a9e6eb03fe72abb0d\"]}','2019-09-12 09:48:39'),('e6eb53442dc0e60dc7224e128984b7ae','admin','执行用户登录','/login/doLogin','{\"return_url\":[\"\"],\"userName\":[\"admin\"],\"password\":[\"123456\"]}','2019-09-11 21:50:46'),('e76f93963e67783cfecf160ae48d9745','admin','list','/system/role/list/1','{\"p\":[\"5d283766dbe1b250926904ea6339900d\"],\"t\":[\"1101aca29a9dbe0a9e6eb03fe72abb0d\"]}','2019-09-18 23:11:20'),('e7b63082d5d1c37a308d096e9623a17d','admin','list','/system/role/list/1','{\"p\":[\"5d283766dbe1b250926904ea6339900d\"],\"t\":[\"1101aca29a9dbe0a9e6eb03fe72abb0d\"]}','2019-09-11 22:15:09'),('e7d63e4a3e3b4f5470ae404042054a8f','admin','用户登录成功','/login/doLogin','','2019-09-07 21:38:40'),('e90659acfd2fe90c7d8bdc95abd77a35','admin','doEdit','/system/role/doEdit','{\"id\":[\"a67af9f88e424225585b37a193b561d5\"],\"roleName\":[\"SuperGroup\"],\"roleDesc\":[\"超级管理员\"],\"roleState\":[\"-1\"]}','2019-09-18 22:57:57'),('ea248424ce38b1b6fbc13b0b537bfb95','admin','doAuth','/system/role/doAuth','{\"roleId\":[\"a67af9f88e424225585b37a193b561d5\"],\"mid[]\":[\"5d283766dbe1b250926904ea6339900d\",\"8bb1552c916f4ca7145d905b5eadf9b1\",\"7174826bfcb81a907b4c6c7baf85fafa\",\"2fdc10b0c62f1602e08acacbc7aa78ca\",\"89ee44bb6c3390ce278e9cb032404e6a\",\"900c34599d28933db44de2fcc4a2db17\",\"1101aca29a9dbe0a9e6eb03fe72abb0d\",\"623704459748f4ca30690968074a3619\",\"f0c42cfe187698b3d0bb75c75780d0ed\",\"8ad25d30078368b12f69fdaefac1456d\",\"452154c770b1d29d1d7289db1f200c21\",\"a9caf91bd3ad7249787e5bfc13454f7b\",\"32c7724ad38e746fb52a6b882137e9cb\",\"47d8f55290f7de0582228aaf38089243\",\"420d72eb74ade02390e9a2c131577031\",\"ca8e1246414013e2a7a9a3b89f17ff20\",\"8378178f752982e3f61641f19bde153d\",\"3ba2695bb7f934d2ff36ba450a9d6a3d\",\"a3fbf503038050a8f64ccdca21115b1a\",\"b4f04dfcbfb6746ab19b661bb8784b44\",\"e1d14917b7d5d7acb5aba5bd38b68d36\",\"62f9244a76a3181acdbeb4f23f97b485\",\"6d2b8caf3c59cf9101fe86bdd0f12806\",\"28521bb4e1e11d1784b4f212282e13f0\",\"8cdf6177816ab9c7522711c2f7cbfc0d\"]}','2019-09-11 22:50:30'),('ea8935a376bfdde050ee7ae56f5f36b4','admin','doAuth','/system/role/doAuth','{\"roleId\":[\"a67af9f88e424225585b37a193b561d5\"],\"mid[]\":[\"5d283766dbe1b250926904ea6339900d\",\"8bb1552c916f4ca7145d905b5eadf9b1\",\"2fdc10b0c62f1602e08acacbc7aa78ca\",\"89ee44bb6c3390ce278e9cb032404e6a\",\"900c34599d28933db44de2fcc4a2db17\",\"1101aca29a9dbe0a9e6eb03fe72abb0d\",\"623704459748f4ca30690968074a3619\",\"f0c42cfe187698b3d0bb75c75780d0ed\",\"8ad25d30078368b12f69fdaefac1456d\",\"452154c770b1d29d1d7289db1f200c21\",\"a9caf91bd3ad7249787e5bfc13454f7b\",\"32c7724ad38e746fb52a6b882137e9cb\",\"47d8f55290f7de0582228aaf38089243\",\"62f9244a76a3181acdbeb4f23f97b485\",\"6d2b8caf3c59cf9101fe86bdd0f12806\",\"420d72eb74ade02390e9a2c131577031\",\"ca8e1246414013e2a7a9a3b89f17ff20\",\"8378178f752982e3f61641f19bde153d\",\"3ba2695bb7f934d2ff36ba450a9d6a3d\",\"a3fbf503038050a8f64ccdca21115b1a\",\"e1d14917b7d5d7acb5aba5bd38b68d36\",\"28521bb4e1e11d1784b4f212282e13f0\",\"8cdf6177816ab9c7522711c2f7cbfc0d\"]}','2019-09-11 22:15:08'),('eae6b6d4053f52b5c2ecd5672bb659e3','admin','用户登录成功','/login/doLogin','','2019-09-05 12:50:45'),('eba5080047dc8d7be4a2e85dc9dca5e9','admin','用户登录成功','/login/doLogin','','2019-09-05 21:04:11'),('ebc1ecc67bdb27ff1a37f142f60191e3','admin','list','/system/log/list/1','{\"p\":[\"5d283766dbe1b250926904ea6339900d\"],\"t\":[\"a3fbf503038050a8f64ccdca21115b1a\"]}','2019-09-11 22:14:30'),('ec776c099fd45895c6d6ff51cc42a359','admin','list','/system/menu/list/2','{\"search\":[\"\"],\"pageSize\":[\"15\"]}','2019-09-11 22:20:07'),('eca75a1f478ae7c52f53d6904d505aaa','admin','getCount','/system/role/getCount','{\"roleId\":[\"a67af9f88e424225585b37a193b561d5\"]}','2019-09-12 09:55:31'),('ee3f268f38f4803197ad3b6ba170f91f','admin','list','/system/user/list/1','{\"p\":[\"5d283766dbe1b250926904ea6339900d\"],\"t\":[\"8bb1552c916f4ca7145d905b5eadf9b1\"]}','2019-09-18 22:57:35'),('ee7ef362c424ec6105ce8f12e3d7e48f','admin','getCount','/system/role/getCount','{\"roleId\":[\"a67af9f88e424225585b37a193b561d5\"]}','2019-09-11 19:39:06'),('eef408e66a96cbaa6ef22daab03faafc','admin','delete','/system/user/delete','{\"id\":[\"0cf40d0083a91221fcf38b72bf23d2e2\"]}','2019-09-18 22:57:41'),('eef5e8235f60d6efcf40ef391089a194','admin','getCount','/system/role/getCount','{\"roleId\":[\"a67af9f88e424225585b37a193b561d5\"]}','2019-09-18 23:08:00'),('ef6b0511919a6c2667861ff9f526ce68','admin','list','/system/role/list/1','{\"p\":[\"5d283766dbe1b250926904ea6339900d\"],\"t\":[\"1101aca29a9dbe0a9e6eb03fe72abb0d\"]}','2019-09-11 22:50:21'),('f122090a5cd1f465b14a8cbfcd3f0042','admin','list','/system/role/list/1','{\"p\":[\"5d283766dbe1b250926904ea6339900d\"],\"t\":[\"1101aca29a9dbe0a9e6eb03fe72abb0d\"]}','2019-09-12 10:18:56'),('f150394288b35d665ca565b9de0635ae','admin','list','/system/role/list/1','{\"p\":[\"5d283766dbe1b250926904ea6339900d\"],\"t\":[\"1101aca29a9dbe0a9e6eb03fe72abb0d\"]}','2019-09-11 22:50:35'),('f211ef9e24676adbfd5bda5d92568397','admin','list','/system/role/list/1','{\"p\":[\"5d283766dbe1b250926904ea6339900d\"],\"t\":[\"1101aca29a9dbe0a9e6eb03fe72abb0d\"]}','2019-09-11 22:09:56'),('f2a3e56e069ae6ba67844d52817f3a27','admin','用户登录成功','/login/doLogin','','2019-09-07 21:54:58'),('f2c4cd2b91631215e937a602071bd727','admin','用户登录成功','/login/doLogin','','2019-09-05 22:10:34'),('f40e7420347bd3e1907be6bcc81724c8','admin','doAuth','/system/role/doAuth','{\"roleId\":[\"a67af9f88e424225585b37a193b561d5\"],\"mid[]\":[\"5d283766dbe1b250926904ea6339900d\",\"8bb1552c916f4ca7145d905b5eadf9b1\",\"7174826bfcb81a907b4c6c7baf85fafa\",\"2fdc10b0c62f1602e08acacbc7aa78ca\",\"89ee44bb6c3390ce278e9cb032404e6a\",\"900c34599d28933db44de2fcc4a2db17\",\"1101aca29a9dbe0a9e6eb03fe72abb0d\",\"623704459748f4ca30690968074a3619\",\"f0c42cfe187698b3d0bb75c75780d0ed\",\"8ad25d30078368b12f69fdaefac1456d\",\"452154c770b1d29d1d7289db1f200c21\",\"a9caf91bd3ad7249787e5bfc13454f7b\",\"32c7724ad38e746fb52a6b882137e9cb\",\"47d8f55290f7de0582228aaf38089243\",\"420d72eb74ade02390e9a2c131577031\",\"ca8e1246414013e2a7a9a3b89f17ff20\",\"8378178f752982e3f61641f19bde153d\",\"3ba2695bb7f934d2ff36ba450a9d6a3d\",\"a3fbf503038050a8f64ccdca21115b1a\",\"b4f04dfcbfb6746ab19b661bb8784b44\",\"e1d14917b7d5d7acb5aba5bd38b68d36\",\"62f9244a76a3181acdbeb4f23f97b485\",\"6d2b8caf3c59cf9101fe86bdd0f12806\",\"28521bb4e1e11d1784b4f212282e13f0\",\"8cdf6177816ab9c7522711c2f7cbfc0d\"]}','2019-09-12 10:04:10'),('f4d386d4e77915e3de43c7d5392c43ac','admin','用户登录成功','/login/doLogin','','2019-09-05 21:29:49'),('f4d4c2514e258baf7e6d860dd1b9db5e','admin','用户登录成功','/login/doLogin','','2019-09-10 22:43:07'),('f55a912901169afe00775d67e5949cd3','admin','list','/system/user/list/1','{\"p\":[\"5d283766dbe1b250926904ea6339900d\"],\"t\":[\"8bb1552c916f4ca7145d905b5eadf9b1\"]}','2019-09-11 21:50:50'),('f57d9327ff0dbaf22387f4c485d0a14d','admin','list','/system/log/list/1','{\"p\":[\"5d283766dbe1b250926904ea6339900d\"],\"t\":[\"a3fbf503038050a8f64ccdca21115b1a\"]}','2019-09-11 22:09:49'),('f5fadd83008e1400ac2669b9a7adf661','admin','getCount','/system/role/getCount','{\"roleId\":[\"a67af9f88e424225585b37a193b561d5\"]}','2019-09-11 22:14:34'),('f688a914e6cc7c666d26facf2c5c0ed6','admin','edit','/system/role/edit/a67af9f88e424225585b37a193b561d5','{}','2019-09-18 22:57:59'),('f6db152be1b8e035a32f2cb86fd46dbc','admin','用户登录成功','/login/doLogin','','2019-09-10 20:45:50'),('f6f146fc5ca335d3a839c3c1bd825ce3','admin','getCount','/system/role/getCount','{\"roleId\":[\"a67af9f88e424225585b37a193b561d5\"]}','2019-09-18 23:11:00'),('f7e3e675da46e4b97efcaabb0a9b72bd','admin','auth','/system/role/auth/a67af9f88e424225585b37a193b561d5','{}','2019-09-12 10:18:45'),('facc7626d904a80b7e531d2664841992','admin','list','/system/role/list/1','{\"p\":[\"5d283766dbe1b250926904ea6339900d\"],\"t\":[\"1101aca29a9dbe0a9e6eb03fe72abb0d\"]}','2019-09-12 09:55:35'),('fba4a72d1b6e61a5e8946cb2efd44560','admin','getCount','/system/role/getCount','{\"roleId\":[\"a67af9f88e424225585b37a193b561d5\"]}','2019-09-11 22:44:35'),('fc124d3d1f2fa54488fa61dac0d6ecfe','admin','list','/system/log/list/1','{\"p\":[\"5d283766dbe1b250926904ea6339900d\"],\"t\":[\"a3fbf503038050a8f64ccdca21115b1a\"]}','2019-09-11 22:09:34'),('fd40c7af0435cef9f1ac625e4a989e0f','admin','list','/system/role/list/1','{\"p\":[\"5d283766dbe1b250926904ea6339900d\"],\"t\":[\"1101aca29a9dbe0a9e6eb03fe72abb0d\"]}','2019-09-12 10:01:08'),('fda0a71cdb59cb646a8f9f5dcac83fcb','admin','list','/system/role/list/1','{\"p\":[\"5d283766dbe1b250926904ea6339900d\"],\"t\":[\"1101aca29a9dbe0a9e6eb03fe72abb0d\"]}','2019-09-12 10:03:49'),('fdcdc80fb613ece5fbe1459b1aef1646','admin','info','/system/me/info','{}','2019-09-18 23:11:41'),('fdf6434eb5764c200066b4d46b7fa4e9','admin','list','/system/log/list/1','{\"p\":[\"5d283766dbe1b250926904ea6339900d\"],\"t\":[\"a3fbf503038050a8f64ccdca21115b1a\"]}','2019-09-11 22:09:33'),('fee02c7cd651639a9d2162ddecf88b13','admin','list','/system/user/list/1','{\"p\":[\"5d283766dbe1b250926904ea6339900d\"],\"t\":[\"8bb1552c916f4ca7145d905b5eadf9b1\"]}','2019-09-12 09:48:37'),('ffc1bc63fe39a85eb51a667edde6a8a1','admin','updateUser','/system/me/updateUser','{\"id\":[\"b51da60b6fa2843ad4068798c9b5f5f3\"],\"userName\":[\"admin\"],\"avatar\":[\"/upload/2019-09-16/co9v8kjjc7bjjivqmu9ppttenyo0eiwa.jpg\"],\"file\":[\"\"]}','2019-09-16 23:05:33'),('ffebd29dcaf1df0c95f768c83d3291ca','admin','list','/system/role/list/1','{\"p\":[\"5d283766dbe1b250926904ea6339900d\"],\"t\":[\"1101aca29a9dbe0a9e6eb03fe72abb0d\"]}','2019-09-11 22:19:10');
/*!40000 ALTER TABLE `sys_log` ENABLE KEYS */;
UNLOCK TABLES;

--
-- Table structure for table `sys_menu`
--

DROP TABLE IF EXISTS `sys_menu`;
/*!40101 SET @saved_cs_client     = @@character_set_client */;
/*!40101 SET character_set_client = utf8 */;
CREATE TABLE `sys_menu` (
  `id` varchar(50) NOT NULL COMMENT '主键',
  `pid` varchar(50) NOT NULL COMMENT '父级菜单ID',
  `menu_name` varchar(50) NOT NULL COMMENT '菜单名称',
  `menu_status` tinyint(3) unsigned NOT NULL DEFAULT '0' COMMENT '状态 0:正常 1:禁用',
  `url` varchar(255) DEFAULT NULL COMMENT '连接地址',
  `icon` varchar(50) DEFAULT NULL COMMENT '图标',
  `sort` int(11) DEFAULT '0' COMMENT '排序',
  `deep` int(11) DEFAULT NULL COMMENT '深度',
  `code` varchar(50) DEFAULT NULL COMMENT '编码',
  `resource` varchar(50) DEFAULT NULL COMMENT '资源名称',
  `gmt_create` datetime DEFAULT NULL COMMENT '创建时间',
  `gmt_modified` datetime DEFAULT NULL COMMENT '修改时间',
  PRIMARY KEY (`id`)
) ENGINE=InnoDB DEFAULT CHARSET=utf8 COMMENT='菜单表';
/*!40101 SET character_set_client = @saved_cs_client */;

--
-- Dumping data for table `sys_menu`
--

LOCK TABLES `sys_menu` WRITE;
/*!40000 ALTER TABLE `sys_menu` DISABLE KEYS */;
INSERT INTO `sys_menu` VALUES ('1101aca29a9dbe0a9e6eb03fe72abb0d','5d283766dbe1b250926904ea6339900d','角色管理',0,'/system/role/list/1','fa-users',2,2,'0102','role',NULL,NULL),('28521bb4e1e11d1784b4f212282e13f0','5d283766dbe1b250926904ea6339900d','系统监控',0,'/system/monitor/list','fa-eye',7,2,'0107',NULL,NULL,NULL),('2fdc10b0c62f1602e08acacbc7aa78ca','8bb1552c916f4ca7145d905b5eadf9b1','新增用户',0,NULL,NULL,1,3,'010101','addUser',NULL,NULL),('32c7724ad38e746fb52a6b882137e9cb','1101aca29a9dbe0a9e6eb03fe72abb0d','批量删除角色',0,NULL,NULL,5,3,'010205','deleteBatchRole',NULL,NULL),('3ba2695bb7f934d2ff36ba450a9d6a3d','47d8f55290f7de0582228aaf38089243','删除菜单',0,NULL,NULL,3,3,'010303','deleteMenu',NULL,NULL),('420d72eb74ade02390e9a2c131577031','47d8f55290f7de0582228aaf38089243','创建菜单',0,NULL,NULL,1,3,'010301','addMenu',NULL,NULL),('452154c770b1d29d1d7289db1f200c21','1101aca29a9dbe0a9e6eb03fe72abb0d','删除角色',0,NULL,NULL,3,3,'010203','deleteRole',NULL,NULL),('47d8f55290f7de0582228aaf38089243','5d283766dbe1b250926904ea6339900d','菜单管理',0,'/system/menu/list/1','fa-list',3,2,'0103','menu',NULL,NULL),('5d283766dbe1b250926904ea6339900d','0','系统管理',0,NULL,'fa fa-cogs',1,1,'01',NULL,NULL,NULL),('623704459748f4ca30690968074a3619','1101aca29a9dbe0a9e6eb03fe72abb0d','查看角色列表',0,NULL,NULL,0,3,'010200','listRole',NULL,NULL),('62f9244a76a3181acdbeb4f23f97b485','e1d14917b7d5d7acb5aba5bd38b68d36','查看菜单列表',0,NULL,NULL,0,3,'010300','listMenu',NULL,NULL),('6d2b8caf3c59cf9101fe86bdd0f12806','e1d14917b7d5d7acb5aba5bd38b68d36','查询系统配置',0,NULL,NULL,0,3,'010600','listSetting',NULL,NULL),('7174826bfcb81a907b4c6c7baf85fafa','8bb1552c916f4ca7145d905b5eadf9b1','查看用户列表',0,NULL,NULL,0,3,'010100','listUser',NULL,NULL),('8378178f752982e3f61641f19bde153d','47d8f55290f7de0582228aaf38089243','编辑菜单',0,NULL,NULL,2,3,'010302','editMenu',NULL,NULL),('89ee44bb6c3390ce278e9cb032404e6a','8bb1552c916f4ca7145d905b5eadf9b1','编辑用户',0,NULL,NULL,2,3,'010102','editUser',NULL,NULL),('8ad25d30078368b12f69fdaefac1456d','1101aca29a9dbe0a9e6eb03fe72abb0d','编辑角色',0,NULL,NULL,2,3,'010202','editRole',NULL,NULL),('8bb1552c916f4ca7145d905b5eadf9b1','5d283766dbe1b250926904ea6339900d','用户管理',0,'/system/user/list/1','fa-user-circle-o',1,2,'0101','user',NULL,NULL),('8cdf6177816ab9c7522711c2f7cbfc0d','28521bb4e1e11d1784b4f212282e13f0','监控列表',0,NULL,NULL,1,3,'010701','monitorList',NULL,NULL),('900c34599d28933db44de2fcc4a2db17','8bb1552c916f4ca7145d905b5eadf9b1','删除用户',0,NULL,NULL,3,3,'010103','deleteUser',NULL,NULL),('a3fbf503038050a8f64ccdca21115b1a','5d283766dbe1b250926904ea6339900d','业务日志',0,'/system/log/list/1','fa-info-circle',5,2,'0105','log',NULL,NULL),('a9caf91bd3ad7249787e5bfc13454f7b','1101aca29a9dbe0a9e6eb03fe72abb0d','角色授权',0,NULL,NULL,4,3,'010204','authRole',NULL,NULL),('b4f04dfcbfb6746ab19b661bb8784b44','a3fbf503038050a8f64ccdca21115b1a','查看日志列表',0,NULL,NULL,0,3,'010500','listLog',NULL,NULL),('ca8e1246414013e2a7a9a3b89f17ff20','47d8f55290f7de0582228aaf38089243','操作系统设置',0,NULL,NULL,1,3,'010601','doSetting',NULL,NULL),('e1d14917b7d5d7acb5aba5bd38b68d36','5d283766dbe1b250926904ea6339900d','系统配置',0,'/system/setting/page','fa-cog',6,2,'0106','setting',NULL,NULL),('f0c42cfe187698b3d0bb75c75780d0ed','1101aca29a9dbe0a9e6eb03fe72abb0d','新增角色',0,NULL,NULL,1,3,'010201','addRole',NULL,NULL);
/*!40000 ALTER TABLE `sys_menu` ENABLE KEYS */;
UNLOCK TABLES;

--
-- Table structure for table `sys_role`
--

DROP TABLE IF EXISTS `sys_role`;
/*!40101 SET @saved_cs_client     = @@character_set_client */;
/*!40101 SET character_set_client = utf8 */;
CREATE TABLE `sys_role` (
  `id` varchar(50) NOT NULL COMMENT '主键',
  `role_name` varchar(30) NOT NULL COMMENT '角色',
  `role_desc` varchar(300) DEFAULT NULL COMMENT '角色描述',
  `role_status` tinyint(3) unsigned DEFAULT '0' COMMENT '状态,0:启用,1:禁用',
  `sort` smallint(5) unsigned NOT NULL DEFAULT '0' COMMENT '排序',
  `gmt_create` datetime DEFAULT NULL COMMENT '创建时间',
  `gmt_modified` datetime DEFAULT NULL COMMENT '修改时间',
  PRIMARY KEY (`id`)
) ENGINE=InnoDB DEFAULT CHARSET=utf8 COMMENT='角色表';
/*!40101 SET character_set_client = @saved_cs_client */;

--
-- Dumping data for table `sys_role`
--

LOCK TABLES `sys_role` WRITE;
/*!40000 ALTER TABLE `sys_role` DISABLE KEYS */;
INSERT INTO `sys_role` VALUES ('a67af9f88e424225585b37a193b561d5','SuperGroup','超级管理员',0,0,NULL,'2019-09-18 22:58:02');
/*!40000 ALTER TABLE `sys_role` ENABLE KEYS */;
UNLOCK TABLES;

--
-- Table structure for table `sys_role_menu`
--

DROP TABLE IF EXISTS `sys_role_menu`;
/*!40101 SET @saved_cs_client     = @@character_set_client */;
/*!40101 SET character_set_client = utf8 */;
CREATE TABLE `sys_role_menu` (
  `id` varchar(50) NOT NULL COMMENT '主键',
  `role_id` varchar(50) NOT NULL COMMENT '角色主键',
  `menu_id` varchar(50) NOT NULL COMMENT '菜单主键',
  PRIMARY KEY (`id`)
) ENGINE=InnoDB DEFAULT CHARSET=utf8 COMMENT='角色菜单关联表';
/*!40101 SET character_set_client = @saved_cs_client */;

--
-- Dumping data for table `sys_role_menu`
--

LOCK TABLES `sys_role_menu` WRITE;
/*!40000 ALTER TABLE `sys_role_menu` DISABLE KEYS */;
INSERT INTO `sys_role_menu` VALUES ('2bb0962240701056de91a71ff7402824','a67af9f88e424225585b37a193b561d5','e1d14917b7d5d7acb5aba5bd38b68d36'),('3e825ab046b3e75158c2d2c877297d07','a67af9f88e424225585b37a193b561d5','1101aca29a9dbe0a9e6eb03fe72abb0d'),('3ecd4f53f90d7ce1dc73d7239767c85b','a67af9f88e424225585b37a193b561d5','62f9244a76a3181acdbeb4f23f97b485'),('4cbaaa03a479ed9f78eee45bf8eb0bbe','a67af9f88e424225585b37a193b561d5','ca8e1246414013e2a7a9a3b89f17ff20'),('531b0c20bbd0433756a0bccf3fcb4806','a67af9f88e424225585b37a193b561d5','b4f04dfcbfb6746ab19b661bb8784b44'),('5454312e8ad19b68f1ed29baf1a356ce','a67af9f88e424225585b37a193b561d5','452154c770b1d29d1d7289db1f200c21'),('561c78025c9dd6e350c015a606962dad','a67af9f88e424225585b37a193b561d5','8bb1552c916f4ca7145d905b5eadf9b1'),('5789094a9faad41a7c910376b6f0ef2f','a67af9f88e424225585b37a193b561d5','8378178f752982e3f61641f19bde153d'),('64c53ab3cf48447acb5ad1d14d62aef5','a67af9f88e424225585b37a193b561d5','32c7724ad38e746fb52a6b882137e9cb'),('6f723cfa7cbc7c5ae0e7a7c4a0a4555a','a67af9f88e424225585b37a193b561d5','47d8f55290f7de0582228aaf38089243'),('7ad5175c09a9742ddc93fe4fe44246bd','a67af9f88e424225585b37a193b561d5','900c34599d28933db44de2fcc4a2db17'),('7fa882de3fc998b1131d30a8b4d3b8a5','a67af9f88e424225585b37a193b561d5','5d283766dbe1b250926904ea6339900d'),('88eff4c00566205ea80e94c79578bf1c','a67af9f88e424225585b37a193b561d5','a9caf91bd3ad7249787e5bfc13454f7b'),('91e1cd662be7da9f6487526625d2e9c7','a67af9f88e424225585b37a193b561d5','623704459748f4ca30690968074a3619'),('9f5aedbb7779360e6b9d0f59dbf5888f','a67af9f88e424225585b37a193b561d5','8ad25d30078368b12f69fdaefac1456d'),('a67e2704feb4aa2f4523209d6bde92e3','a67af9f88e424225585b37a193b561d5','7174826bfcb81a907b4c6c7baf85fafa'),('b4fb887d788f0e3362190a5a33756697','a67af9f88e424225585b37a193b561d5','f0c42cfe187698b3d0bb75c75780d0ed'),('bb8787f9205e02204e516813f7e3db90','a67af9f88e424225585b37a193b561d5','28521bb4e1e11d1784b4f212282e13f0'),('c7faad74d494c238d561a3c63462a8ad','a67af9f88e424225585b37a193b561d5','89ee44bb6c3390ce278e9cb032404e6a'),('c9909a403ab0a01dda539846c043f90d','a67af9f88e424225585b37a193b561d5','3ba2695bb7f934d2ff36ba450a9d6a3d'),('d04a06d4f2f0d65a93124747cb239a97','a67af9f88e424225585b37a193b561d5','8cdf6177816ab9c7522711c2f7cbfc0d'),('d12cb2e6374a8bc47f8385dff40b2257','a67af9f88e424225585b37a193b561d5','420d72eb74ade02390e9a2c131577031'),('d861a5e1cee86baaac4aaa5d6d3efe90','a67af9f88e424225585b37a193b561d5','6d2b8caf3c59cf9101fe86bdd0f12806'),('e307fede7f9b022fd635a429383bbd33','a67af9f88e424225585b37a193b561d5','a3fbf503038050a8f64ccdca21115b1a'),('fe146bde70b771b89e01705760f0721d','a67af9f88e424225585b37a193b561d5','2fdc10b0c62f1602e08acacbc7aa78ca');
/*!40000 ALTER TABLE `sys_role_menu` ENABLE KEYS */;
UNLOCK TABLES;

--
-- Table structure for table `sys_setting`
--

DROP TABLE IF EXISTS `sys_setting`;
/*!40101 SET @saved_cs_client     = @@character_set_client */;
/*!40101 SET character_set_client = utf8 */;
CREATE TABLE `sys_setting` (
  `id` varchar(50) NOT NULL COMMENT '主键',
  `sys_name` varchar(50) NOT NULL COMMENT '名称',
  `sys_key` varchar(50) NOT NULL COMMENT 'KEY',
  `sys_value` varchar(300) DEFAULT NULL COMMENT '值',
  `sort` int(11) DEFAULT '0' COMMENT '排序',
  `sys_desc` varchar(300) DEFAULT NULL COMMENT '说明',
  `gmt_create` datetime DEFAULT NULL COMMENT '创建时间',
  `gmt_modified` datetime DEFAULT NULL COMMENT '修改时间',
  PRIMARY KEY (`id`)
) ENGINE=InnoDB DEFAULT CHARSET=utf8 COMMENT='系统设置表';
/*!40101 SET character_set_client = @saved_cs_client */;

--
-- Dumping data for table `sys_setting`
--

LOCK TABLES `sys_setting` WRITE;
/*!40000 ALTER TABLE `sys_setting` DISABLE KEYS */;
INSERT INTO `sys_setting` VALUES ('13d8835da6bbadbc7f1f7ede3d56f007','系统简称','systemSubName','后台管理系统',1,NULL,NULL,NULL),('1f39a764682b8cb04d26180a239e1f78','许可说明','bottomCopyright','Copyright © 2020 think.com. All rights reserved.',2,NULL,NULL,NULL),('6b2fa06c54efaf143ef466b4d48b023f','系统名称','systemName','SparrowAdmin',0,NULL,NULL,NULL);
/*!40000 ALTER TABLE `sys_setting` ENABLE KEYS */;
UNLOCK TABLES;

--
-- Table structure for table `sys_user`
--

DROP TABLE IF EXISTS `sys_user`;
/*!40101 SET @saved_cs_client     = @@character_set_client */;
/*!40101 SET character_set_client = utf8 */;
CREATE TABLE `sys_user` (
  `id` varchar(50) NOT NULL COMMENT '主键',
  `user_name` varchar(40) NOT NULL COMMENT '用户名',
  `password` varchar(40) NOT NULL COMMENT '密码',
  `user_status` tinyint(3) unsigned NOT NULL DEFAULT '0' COMMENT '用户状态,0:启用,1:禁用',
  `user_desc` varchar(300) DEFAULT NULL COMMENT '描述',
  `avatar` varchar(300) DEFAULT '/app/img/photo1.png' COMMENT '头像',
  `gmt_create` datetime DEFAULT NULL COMMENT '创建时间',
  `gmt_modified` datetime DEFAULT NULL COMMENT '修改时间',
  PRIMARY KEY (`id`)
) ENGINE=InnoDB DEFAULT CHARSET=utf8 COMMENT='用户表';
/*!40101 SET character_set_client = @saved_cs_client */;

--
-- Dumping data for table `sys_user`
--

LOCK TABLES `sys_user` WRITE;
/*!40000 ALTER TABLE `sys_user` DISABLE KEYS */;
INSERT INTO `sys_user` VALUES ('b51da60b6fa2843ad4068798c9b5f5f3','admin','038bdaf98f2037b31f1e75b5b4c9b26e',0,NULL,'/upload/2019-09-16/kt70fxz4tydl3ldhofbzmnuneo2uqua0.jpg','2019-09-05 12:40:29','2019-09-05 12:40:29');
/*!40000 ALTER TABLE `sys_user` ENABLE KEYS */;
UNLOCK TABLES;

--
-- Table structure for table `sys_user_role`
--

DROP TABLE IF EXISTS `sys_user_role`;
/*!40101 SET @saved_cs_client     = @@character_set_client */;
/*!40101 SET character_set_client = utf8 */;
CREATE TABLE `sys_user_role` (
  `id` varchar(50) NOT NULL COMMENT '主键',
  `user_id` varchar(50) NOT NULL COMMENT '用户ID',
  `role_id` varchar(50) NOT NULL COMMENT '角色ID',
  PRIMARY KEY (`id`)
) ENGINE=InnoDB DEFAULT CHARSET=utf8 COMMENT='用户角色表';
/*!40101 SET character_set_client = @saved_cs_client */;

--
-- Dumping data for table `sys_user_role`
--

LOCK TABLES `sys_user_role` WRITE;
/*!40000 ALTER TABLE `sys_user_role` DISABLE KEYS */;
INSERT INTO `sys_user_role` VALUES ('d2453b4827a002da1b5b19321fe88955','b51da60b6fa2843ad4068798c9b5f5f3','a67af9f88e424225585b37a193b561d5');
/*!40000 ALTER TABLE `sys_user_role` ENABLE KEYS */;
UNLOCK TABLES;
/*!40103 SET TIME_ZONE=@OLD_TIME_ZONE */;

/*!40101 SET SQL_MODE=@OLD_SQL_MODE */;
/*!40014 SET FOREIGN_KEY_CHECKS=@OLD_FOREIGN_KEY_CHECKS */;
/*!40014 SET UNIQUE_CHECKS=@OLD_UNIQUE_CHECKS */;
/*!40101 SET CHARACTER_SET_CLIENT=@OLD_CHARACTER_SET_CLIENT */;
/*!40101 SET CHARACTER_SET_RESULTS=@OLD_CHARACTER_SET_RESULTS */;
/*!40101 SET COLLATION_CONNECTION=@OLD_COLLATION_CONNECTION */;
/*!40111 SET SQL_NOTES=@OLD_SQL_NOTES */;

-- Dump completed on 2019-09-18 23:15:18
